archive_name,member_path,member_type,size,link_target,basename,extension,normalized_basename
combined_samples.tar.gz,combined_samples,directory,0,,combined_samples,,combined_samples
combined_samples.tar.gz,combined_samples/S240925n,directory,0,,S240925n,,s240925n
combined_samples.tar.gz,combined_samples/S240925n/combinedPHM_envcalC00_metafile.hdf5,symlink,0,/home/sylvia.biscoveanu/gw240925_and_gw250207/data/combined_samples/S240925n/combinedPHM_envcalC00_metafile.hdf5,combinedPHM_envcalC00_metafile.hdf5,.hdf5,combinedphm_envcalc00_metafile
combined_samples.tar.gz,combined_samples/S240925n/combinedPHM_envcalC01_metafile.hdf5,symlink,0,/home/sylvia.biscoveanu/gw240925_and_gw250207/data/combined_samples/S240925n/combinedPHM_envcalC01_metafile.hdf5,combinedPHM_envcalC01_metafile.hdf5,.hdf5,combinedphm_envcalc01_metafile
combined_samples.tar.gz,combined_samples/S240925n/combinedPHM_nocalC00_metafile.hdf5,symlink,0,/home/sylvia.biscoveanu/gw240925_and_gw250207/data/combined_samples/S240925n/combinedPHM_nocalC00_metafile.hdf5,combinedPHM_nocalC00_metafile.hdf5,.hdf5,combinedphm_nocalc00_metafile
combined_samples.tar.gz,combined_samples/S240925n/online_posterior_samples.h5,regular,13503280,,online_posterior_samples.h5,.h5,online_posterior_samples
combined_samples.tar.gz,combined_samples/S240925n/combinedPHM_flatcalC00_metafile.hdf5,symlink,0,/home/sylvia.biscoveanu/gw240925_and_gw250207/data/combined_samples/S240925n/combinedPHM_flatcalC00_metafile.hdf5,combinedPHM_flatcalC00_metafile.hdf5,.hdf5,combinedphm_flatcalc00_metafile
combined_samples.tar.gz,combined_samples/S250207bg,directory,0,,S250207bg,,s250207bg
combined_samples.tar.gz,combined_samples/S250207bg/combinedPHM_nocal_metafile.hdf5,symlink,0,/home/sylvia.biscoveanu/gw240925_and_gw250207/data/combined_samples/S250207bg/combinedPHM_nocal_metafile.hdf5,combinedPHM_nocal_metafile.hdf5,.hdf5,combinedphm_nocal_metafile
combined_samples.tar.gz,combined_samples/S250207bg/combinedPHM_H1cal_metafile.hdf5,symlink,0,/home/sylvia.biscoveanu/gw240925_and_gw250207/data/combined_samples/S250207bg/combinedPHM_H1cal_metafile.hdf5,combinedPHM_H1cal_metafile.hdf5,.hdf5,combinedphm_h1cal_metafile
combined_samples.tar.gz,combined_samples/S250207bg/combinedPHM_cal_metafile.hdf5,symlink,0,/home/sylvia.biscoveanu/gw240925_and_gw250207/data/combined_samples/S250207bg/combinedPHM_cal_metafile.hdf5,combinedPHM_cal_metafile.hdf5,.hdf5,combinedphm_cal_metafile
fti.tar.gz,fti,directory,0,,fti,,fti
fti.tar.gz,fti/S250207bg_no_cal,directory,0,,S250207bg_no_cal,,s250207bg_no_cal
fti.tar.gz,fti/S250207bg_no_cal/fti_dchi6NS.h5,symlink,0,/home/tgr.o4/GW240925_GW250207/FTI/asimov/results/S250207bg_no_cal/fti_dchi6NS/posterior_samples.h5,fti_dchi6NS.h5,.h5,fti_dchi6ns
fti.tar.gz,fti/S250207bg_no_cal/fti_dchi7NS.h5,symlink,0,/home/tgr.o4/GW240925_GW250207/FTI/asimov/results/S250207bg_no_cal/fti_dchi7NS/posterior_samples.h5,fti_dchi7NS.h5,.h5,fti_dchi7ns
fti.tar.gz,fti/S250207bg_no_cal/fti_dchi3NS.h5,symlink,0,/home/tgr.o4/GW240925_GW250207/FTI/asimov/results/S250207bg_no_cal/fti_dchi3NS/posterior_samples.h5,fti_dchi3NS.h5,.h5,fti_dchi3ns
fti.tar.gz,fti/S250207bg_no_cal/fti_dchi2.h5,symlink,0,/home/tgr.o4/GW240925_GW250207/FTI/asimov/results/S250207bg_no_cal/fti_dchi2/posterior_samples.h5,fti_dchi2.h5,.h5,fti_dchi2
fti.tar.gz,fti/S250207bg_no_cal/fti_dchi5lNS.h5,symlink,0,/home/tgr.o4/GW240925_GW250207/FTI/asimov/results/S250207bg_no_cal/fti_dchi5lNS/posterior_samples.h5,fti_dchi5lNS.h5,.h5,fti_dchi5lns
fti.tar.gz,fti/S250207bg_no_cal/fti_dchi0.h5,symlink,0,/home/tgr.o4/GW240925_GW250207/FTI/asimov/results/S250207bg_no_cal/fti_dchi0/posterior_samples.h5,fti_dchi0.h5,.h5,fti_dchi0
fti.tar.gz,fti/S250207bg_no_cal/fti_dchi1.h5,symlink,0,/home/tgr.o4/GW240925_GW250207/FTI/asimov/results/S250207bg_no_cal/fti_dchi1/posterior_samples.h5,fti_dchi1.h5,.h5,fti_dchi1
fti.tar.gz,fti/S250207bg_no_cal/fti_dchi6l.h5,symlink,0,/home/tgr.o4/GW240925_GW250207/FTI/asimov/results/S250207bg_no_cal/fti_dchi6l/posterior_samples.h5,fti_dchi6l.h5,.h5,fti_dchi6l
fti.tar.gz,fti/S250207bg_no_cal/fti_dchiMinus2.h5,symlink,0,/home/tgr.o4/GW240925_GW250207/FTI/asimov/results/S250207bg_no_cal/fti_dchiMinus2/posterior_samples.h5,fti_dchiMinus2.h5,.h5,fti_dchiminus2
fti.tar.gz,fti/S250207bg_no_cal/fti_dchi4NS.h5,symlink,0,/home/tgr.o4/GW240925_GW250207/FTI/asimov/results/S250207bg_no_cal/fti_dchi4NS/posterior_samples.h5,fti_dchi4NS.h5,.h5,fti_dchi4ns
fti.tar.gz,fti/S240925n_correct_cal,directory,0,,S240925n_correct_cal,,s240925n_correct_cal
fti.tar.gz,fti/S240925n_correct_cal/fti_dchi6NS.h5,symlink,0,/home/tgr.o4/GW240925_GW250207/FTI/asimov/results/S240925n_correct_cal/fti_dchi6NS/posterior_samples.h5,fti_dchi6NS.h5,.h5,fti_dchi6ns
fti.tar.gz,fti/S240925n_correct_cal/fti_dchi7NS.h5,symlink,0,/home/tgr.o4/GW240925_GW250207/FTI/asimov/results/S240925n_correct_cal/fti_dchi7NS/posterior_samples.h5,fti_dchi7NS.h5,.h5,fti_dchi7ns
fti.tar.gz,fti/S240925n_correct_cal/fti_dchi6l.h5,symlink,0,/home/tgr.o4/GW240925_GW250207/FTI/asimov/results/S240925n_correct_cal/fti_dchi6l/posterior_samples.h5,fti_dchi6l.h5,.h5,fti_dchi6l
fti.tar.gz,fti/S240925n_correct_cal/fti_dchi5lNS.h5,symlink,0,/home/tgr.o4/GW240925_GW250207/FTI/asimov/results/S240925n_correct_cal/fti_dchi5lNS/posterior_samples.h5,fti_dchi5lNS.h5,.h5,fti_dchi5lns
fti.tar.gz,fti/S240925n_correct_cal/fti_dchi3NS.h5,symlink,0,/home/tgr.o4/GW240925_GW250207/FTI/asimov/results/S240925n_correct_cal/fti_dchi3NS/posterior_samples.h5,fti_dchi3NS.h5,.h5,fti_dchi3ns
fti.tar.gz,fti/S240925n_correct_cal/fti_dchi2.h5,symlink,0,/home/tgr.o4/GW240925_GW250207/FTI/asimov/results/S240925n_correct_cal/fti_dchi2/posterior_samples.h5,fti_dchi2.h5,.h5,fti_dchi2
fti.tar.gz,fti/S240925n_correct_cal/fti_dchi1.h5,symlink,0,/home/tgr.o4/GW240925_GW250207/FTI/asimov/results/S240925n_correct_cal/fti_dchi1/posterior_samples.h5,fti_dchi1.h5,.h5,fti_dchi1
fti.tar.gz,fti/S240925n_correct_cal/fti_dchiMinus2.h5,symlink,0,/home/tgr.o4/GW240925_GW250207/FTI/asimov/results/S240925n_correct_cal/fti_dchiMinus2/posterior_samples.h5,fti_dchiMinus2.h5,.h5,fti_dchiminus2
fti.tar.gz,fti/S240925n_correct_cal/fti_dchi0.h5,symlink,0,/home/tgr.o4/GW240925_GW250207/FTI/asimov/results/S240925n_correct_cal/fti_dchi0-1/posterior_samples.h5,fti_dchi0.h5,.h5,fti_dchi0
fti.tar.gz,fti/S240925n_correct_cal/fti_dchi4NS.h5,symlink,0,/home/tgr.o4/GW240925_GW250207/FTI/asimov/results/S240925n_correct_cal/fti_dchi4NS/posterior_samples.h5,fti_dchi4NS.h5,.h5,fti_dchi4ns
fti.tar.gz,fti/S240925n_wide_cal,directory,0,,S240925n_wide_cal,,s240925n_wide_cal
fti.tar.gz,fti/S240925n_wide_cal/fti_dchi4NS.h5,symlink,0,/home/tgr.o4/GW240925_GW250207/FTI/asimov/results/S240925n_wide_cal/fti_dchi4NS/posterior_samples.h5,fti_dchi4NS.h5,.h5,fti_dchi4ns
fti.tar.gz,fti/S240925n_wide_cal/fti_dchi6l.h5,symlink,0,/home/tgr.o4/GW240925_GW250207/FTI/asimov/results/S240925n_wide_cal/fti_dchi6l/posterior_samples.h5,fti_dchi6l.h5,.h5,fti_dchi6l
fti.tar.gz,fti/S240925n_wide_cal/fti_dchi2.h5,symlink,0,/home/tgr.o4/GW240925_GW250207/FTI/asimov/results/S240925n_wide_cal/fti_dchi2/posterior_samples.h5,fti_dchi2.h5,.h5,fti_dchi2
fti.tar.gz,fti/S240925n_wide_cal/fti_dchi0.h5,symlink,0,/home/tgr.o4/GW240925_GW250207/FTI/asimov/results/S240925n_wide_cal/fti_dchi0-1/posterior_samples.h5,fti_dchi0.h5,.h5,fti_dchi0
fti.tar.gz,fti/S240925n_wide_cal/fti_dchi5lNS.h5,symlink,0,/home/tgr.o4/GW240925_GW250207/FTI/asimov/results/S240925n_wide_cal/fti_dchi5lNS/posterior_samples.h5,fti_dchi5lNS.h5,.h5,fti_dchi5lns
fti.tar.gz,fti/S240925n_wide_cal/fti_dchi1.h5,symlink,0,/home/tgr.o4/GW240925_GW250207/FTI/asimov/results/S240925n_wide_cal/fti_dchi1/posterior_samples.h5,fti_dchi1.h5,.h5,fti_dchi1
fti.tar.gz,fti/S240925n_wide_cal/fti_dchiMinus2.h5,symlink,0,/home/tgr.o4/GW240925_GW250207/FTI/asimov/results/S240925n_wide_cal/fti_dchiMinus2/posterior_samples.h5,fti_dchiMinus2.h5,.h5,fti_dchiminus2
fti.tar.gz,fti/S240925n_wide_cal/fti_dchi3NS.h5,symlink,0,/home/tgr.o4/GW240925_GW250207/FTI/asimov/results/S240925n_wide_cal/fti_dchi3NS/posterior_samples.h5,fti_dchi3NS.h5,.h5,fti_dchi3ns
fti.tar.gz,fti/S240925n_wide_cal/fti_dchi7NS.h5,symlink,0,/home/tgr.o4/GW240925_GW250207/FTI/asimov/results/S240925n_wide_cal/fti_dchi7NS/posterior_samples.h5,fti_dchi7NS.h5,.h5,fti_dchi7ns
fti.tar.gz,fti/S240925n_wide_cal/fti_dchi6NS.h5,symlink,0,/home/tgr.o4/GW240925_GW250207/FTI/asimov/results/S240925n_wide_cal/fti_dchi6NS/posterior_samples.h5,fti_dchi6NS.h5,.h5,fti_dchi6ns
fti.tar.gz,fti/S240925n_no_cal,directory,0,,S240925n_no_cal,,s240925n_no_cal
fti.tar.gz,fti/S240925n_no_cal/fti_dchi7NS.h5,symlink,0,/home/tgr.o4/GW240925_GW250207/FTI/asimov/results/S240925n_no_cal/fti_dchi7NS/posterior_samples.h5,fti_dchi7NS.h5,.h5,fti_dchi7ns
fti.tar.gz,fti/S240925n_no_cal/fti_dchi3NS.h5,symlink,0,/home/tgr.o4/GW240925_GW250207/FTI/asimov/results/S240925n_no_cal/fti_dchi3NS/posterior_samples.h5,fti_dchi3NS.h5,.h5,fti_dchi3ns
fti.tar.gz,fti/S240925n_no_cal/fti_dchiMinus2.h5,symlink,0,/home/tgr.o4/GW240925_GW250207/FTI/asimov/results/S240925n_no_cal/fti_dchiMinus2/posterior_samples.h5,fti_dchiMinus2.h5,.h5,fti_dchiminus2
fti.tar.gz,fti/S240925n_no_cal/fti_dchi5lNS.h5,symlink,0,/home/tgr.o4/GW240925_GW250207/FTI/asimov/results/S240925n_no_cal/fti_dchi5lNS/posterior_samples.h5,fti_dchi5lNS.h5,.h5,fti_dchi5lns
fti.tar.gz,fti/S240925n_no_cal/fti_dchi6NS.h5,symlink,0,/home/tgr.o4/GW240925_GW250207/FTI/asimov/results/S240925n_no_cal/fti_dchi6NS/posterior_samples.h5,fti_dchi6NS.h5,.h5,fti_dchi6ns
fti.tar.gz,fti/S240925n_no_cal/fti_dchi4NS.h5,symlink,0,/home/tgr.o4/GW240925_GW250207/FTI/asimov/results/S240925n_no_cal/fti_dchi4NS/posterior_samples.h5,fti_dchi4NS.h5,.h5,fti_dchi4ns
fti.tar.gz,fti/S240925n_no_cal/fti_dchi1.h5,symlink,0,/home/tgr.o4/GW240925_GW250207/FTI/asimov/results/S240925n_no_cal/fti_dchi1/posterior_samples.h5,fti_dchi1.h5,.h5,fti_dchi1
fti.tar.gz,fti/S240925n_no_cal/fti_dchi0.h5,symlink,0,/home/tgr.o4/GW240925_GW250207/FTI/asimov/results/S240925n_no_cal/fti_dchi0-1/posterior_samples.h5,fti_dchi0.h5,.h5,fti_dchi0
fti.tar.gz,fti/S240925n_no_cal/fti_dchi2.h5,symlink,0,/home/tgr.o4/GW240925_GW250207/FTI/asimov/results/S240925n_no_cal/fti_dchi2/posterior_samples.h5,fti_dchi2.h5,.h5,fti_dchi2
fti.tar.gz,fti/S240925n_no_cal/fti_dchi6l.h5,symlink,0,/home/tgr.o4/GW240925_GW250207/FTI/asimov/results/S240925n_no_cal/fti_dchi6l/posterior_samples.h5,fti_dchi6l.h5,.h5,fti_dchi6l
fti.tar.gz,fti/S250207bg_wide_cal,directory,0,,S250207bg_wide_cal,,s250207bg_wide_cal
fti.tar.gz,fti/S250207bg_wide_cal/fti_dchi5lNS.h5,symlink,0,/home/tgr.o4/GW240925_GW250207/FTI/asimov/results/S250207bg_wide_cal/fti_dchi5lNS/posterior_samples.h5,fti_dchi5lNS.h5,.h5,fti_dchi5lns
fti.tar.gz,fti/S250207bg_wide_cal/fti_dchi6NS.h5,symlink,0,/home/tgr.o4/GW240925_GW250207/FTI/asimov/results/S250207bg_wide_cal/fti_dchi6NS/posterior_samples.h5,fti_dchi6NS.h5,.h5,fti_dchi6ns
fti.tar.gz,fti/S250207bg_wide_cal/fti_dchi3NS.h5,symlink,0,/home/tgr.o4/GW240925_GW250207/FTI/asimov/results/S250207bg_wide_cal/fti_dchi3NS/posterior_samples.h5,fti_dchi3NS.h5,.h5,fti_dchi3ns
fti.tar.gz,fti/S250207bg_wide_cal/fti_dchi7NS.h5,symlink,0,/home/tgr.o4/GW240925_GW250207/FTI/asimov/results/S250207bg_wide_cal/fti_dchi7NS/posterior_samples.h5,fti_dchi7NS.h5,.h5,fti_dchi7ns
fti.tar.gz,fti/S250207bg_wide_cal/fti_dchi6l.h5,symlink,0,/home/tgr.o4/GW240925_GW250207/FTI/asimov/results/S250207bg_wide_cal/fti_dchi6l/posterior_samples.h5,fti_dchi6l.h5,.h5,fti_dchi6l
fti.tar.gz,fti/S250207bg_wide_cal/fti_dchi1.h5,symlink,0,/home/tgr.o4/GW240925_GW250207/FTI/asimov/results/S250207bg_wide_cal/fti_dchi1/posterior_samples.h5,fti_dchi1.h5,.h5,fti_dchi1
fti.tar.gz,fti/S250207bg_wide_cal/fti_dchi0.h5,symlink,0,/home/tgr.o4/GW240925_GW250207/FTI/asimov/results/S250207bg_wide_cal/fti_dchi0/posterior_samples.h5,fti_dchi0.h5,.h5,fti_dchi0
fti.tar.gz,fti/S250207bg_wide_cal/fti_dchiMinus2.h5,symlink,0,/home/tgr.o4/GW240925_GW250207/FTI/asimov/results/S250207bg_wide_cal/fti_dchiMinus2/posterior_samples.h5,fti_dchiMinus2.h5,.h5,fti_dchiminus2
fti.tar.gz,fti/S250207bg_wide_cal/fti_dchi2.h5,symlink,0,/home/tgr.o4/GW240925_GW250207/FTI/asimov/results/S250207bg_wide_cal/fti_dchi2/posterior_samples.h5,fti_dchi2.h5,.h5,fti_dchi2
fti.tar.gz,fti/S250207bg_wide_cal/fti_dchi4NS.h5,symlink,0,/home/tgr.o4/GW240925_GW250207/FTI/asimov/results/S250207bg_wide_cal/fti_dchi4NS/posterior_samples.h5,fti_dchi4NS.h5,.h5,fti_dchi4ns
tiger.tar.gz,tiger,directory,0,,tiger,,tiger
tiger.tar.gz,tiger/GW240925_no_cal,directory,0,,GW240925_no_cal,,gw240925_no_cal
tiger.tar.gz,tiger/GW240925_no_cal/tiger_GW240925_dchi_3.h5,symlink,0,/home/tgr.o4/GW240925_GW250207/TIGER/GW240925_no_cal/dchi_3//samples/tiger_GW240925_dchi_3.h5,tiger_GW240925_dchi_3.h5,.h5,tiger_gw240925_dchi_3
tiger.tar.gz,tiger/GW240925_no_cal/tiger_GW240925_dchi_minus2.h5,symlink,0,/home/tgr.o4/GW240925_GW250207/TIGER/GW240925_no_cal/dchi_minus2//samples/tiger_GW240925_dchi_minus2.h5,tiger_GW240925_dchi_minus2.h5,.h5,tiger_gw240925_dchi_minus2
tiger.tar.gz,tiger/GW240925_no_cal/tiger_GW240925_dchi_2.h5,symlink,0,/home/tgr.o4/GW240925_GW250207/TIGER/GW240925_no_cal/dchi_2//samples/tiger_GW240925_dchi_2.h5,tiger_GW240925_dchi_2.h5,.h5,tiger_gw240925_dchi_2
tiger.tar.gz,tiger/GW240925_no_cal/tiger_GW240925_dchi_0.h5,symlink,0,/home/tgr.o4/GW240925_GW250207/TIGER/GW240925_no_cal/dchi_0//samples/tiger_GW240925_dchi_0.h5,tiger_GW240925_dchi_0.h5,.h5,tiger_gw240925_dchi_0
tiger.tar.gz,tiger/GW240925_no_cal/tiger_GW240925_dchi_1.h5,symlink,0,/home/tgr.o4/GW240925_GW250207/TIGER/GW240925_no_cal/dchi_1//samples/tiger_GW240925_dchi_1.h5,tiger_GW240925_dchi_1.h5,.h5,tiger_gw240925_dchi_1
tiger.tar.gz,tiger/GW240925_no_cal/tiger_GW240925_dchi_4.h5,symlink,0,/home/tgr.o4/GW240925_GW250207/TIGER/GW240925_no_cal/dchi_4//samples/tiger_GW240925_dchi_4.h5,tiger_GW240925_dchi_4.h5,.h5,tiger_gw240925_dchi_4
tiger.tar.gz,tiger/GW240925_no_cal/tiger_GW240925_dchi_5l.h5,symlink,0,/home/tgr.o4/GW240925_GW250207/TIGER/GW240925_no_cal/dchi_5l//samples/tiger_GW240925_dchi_5l.h5,tiger_GW240925_dchi_5l.h5,.h5,tiger_gw240925_dchi_5l
tiger.tar.gz,tiger/GW240925_no_cal/tiger_GW240925_dchi_6.h5,symlink,0,/home/tgr.o4/GW240925_GW250207/TIGER/GW240925_no_cal/dchi_6//samples/tiger_GW240925_dchi_6.h5,tiger_GW240925_dchi_6.h5,.h5,tiger_gw240925_dchi_6
tiger.tar.gz,tiger/GW240925_no_cal/tiger_GW240925_dchi_7.h5,symlink,0,/home/tgr.o4/GW240925_GW250207/TIGER/GW240925_no_cal/dchi_7//samples/tiger_GW240925_dchi_7.h5,tiger_GW240925_dchi_7.h5,.h5,tiger_gw240925_dchi_7
tiger.tar.gz,tiger/GW240925_no_cal/tiger_GW240925_dchi_6l.h5,symlink,0,/home/tgr.o4/GW240925_GW250207/TIGER/GW240925_no_cal/dchi_6l//samples/tiger_GW240925_dchi_6l.h5,tiger_GW240925_dchi_6l.h5,.h5,tiger_gw240925_dchi_6l
tiger.tar.gz,tiger/GW240925_no_cal/tiger_GW240925_dc_1.h5,symlink,0,/home/tgr.o4/GW240925_GW250207/TIGER/GW240925_no_cal/dc_1//samples/tiger_GW240925_dc_1.h5,tiger_GW240925_dc_1.h5,.h5,tiger_gw240925_dc_1
tiger.tar.gz,tiger/GW240925_no_cal/tiger_GW240925_db_4.h5,symlink,0,/home/tgr.o4/GW240925_GW250207/TIGER/GW240925_no_cal/db_4//samples/tiger_GW240925_db_4.h5,tiger_GW240925_db_4.h5,.h5,tiger_gw240925_db_4
tiger.tar.gz,tiger/GW240925_no_cal/tiger_GW240925_dc_2.h5,symlink,0,/home/tgr.o4/GW240925_GW250207/TIGER/GW240925_no_cal/dc_2//samples/tiger_GW240925_dc_2.h5,tiger_GW240925_dc_2.h5,.h5,tiger_gw240925_dc_2
tiger.tar.gz,tiger/GW240925_no_cal/tiger_GW240925_db_2.h5,symlink,0,/home/tgr.o4/GW240925_GW250207/TIGER/GW240925_no_cal/db_2//samples/tiger_GW240925_db_2.h5,tiger_GW240925_db_2.h5,.h5,tiger_gw240925_db_2
tiger.tar.gz,tiger/GW240925_no_cal/tiger_GW240925_db_3.h5,symlink,0,/home/tgr.o4/GW240925_GW250207/TIGER/GW240925_no_cal/db_3//samples/tiger_GW240925_db_3.h5,tiger_GW240925_db_3.h5,.h5,tiger_gw240925_db_3
tiger.tar.gz,tiger/GW240925_no_cal/tiger_GW240925_db_1.h5,symlink,0,/home/tgr.o4/GW240925_GW250207/TIGER/GW240925_no_cal/db_1//samples/tiger_GW240925_db_1.h5,tiger_GW240925_db_1.h5,.h5,tiger_gw240925_db_1
tiger.tar.gz,tiger/GW240925_no_cal/tiger_GW240925_dc_4.h5,symlink,0,/home/tgr.o4/GW240925_GW250207/TIGER/GW240925_no_cal/dc_4//samples/tiger_GW240925_dc_4.h5,tiger_GW240925_dc_4.h5,.h5,tiger_gw240925_dc_4
tiger.tar.gz,tiger/GW240925_no_cal/tiger_GW240925_dc_l.h5,symlink,0,/home/tgr.o4/GW240925_GW250207/TIGER/GW240925_no_cal/dc_l//samples/tiger_GW240925_dc_l.h5,tiger_GW240925_dc_l.h5,.h5,tiger_gw240925_dc_l
tiger.tar.gz,tiger/GW250207_cal,directory,0,,GW250207_cal,,gw250207_cal
tiger.tar.gz,tiger/GW250207_cal/tiger_GW250207_dchi_6l.h5,symlink,0,/home/tgr.o4/GW240925_GW250207/TIGER/GW250207_cal/dchi_6l//samples/tiger_GW250207_dchi_6l.h5,tiger_GW250207_dchi_6l.h5,.h5,tiger_gw250207_dchi_6l
tiger.tar.gz,tiger/GW250207_cal/tiger_GW250207_dchi_minus2.h5,symlink,0,/home/tgr.o4/GW240925_GW250207/TIGER/GW250207_cal/dchi_minus2//samples/tiger_GW250207_dchi_minus2.h5,tiger_GW250207_dchi_minus2.h5,.h5,tiger_gw250207_dchi_minus2
tiger.tar.gz,tiger/GW250207_cal/tiger_GW250207_dchi_0.h5,symlink,0,/home/tgr.o4/GW240925_GW250207/TIGER/GW250207_cal/dchi_0//samples/tiger_GW250207_dchi_0.h5,tiger_GW250207_dchi_0.h5,.h5,tiger_gw250207_dchi_0
tiger.tar.gz,tiger/GW250207_cal/tiger_GW250207_dchi_1.h5,symlink,0,/home/tgr.o4/GW240925_GW250207/TIGER/GW250207_cal/dchi_1//samples/tiger_GW250207_dchi_1.h5,tiger_GW250207_dchi_1.h5,.h5,tiger_gw250207_dchi_1
tiger.tar.gz,tiger/GW250207_cal/tiger_GW250207_dc_4.h5,symlink,0,/home/tgr.o4/GW240925_GW250207/TIGER/GW250207_cal/dc_4//samples/tiger_GW250207_dc_4.h5,tiger_GW250207_dc_4.h5,.h5,tiger_gw250207_dc_4
tiger.tar.gz,tiger/GW250207_cal/tiger_GW250207_dc_l.h5,symlink,0,/home/tgr.o4/GW240925_GW250207/TIGER/GW250207_cal/dc_l//samples/tiger_GW250207_dc_l.h5,tiger_GW250207_dc_l.h5,.h5,tiger_gw250207_dc_l
tiger.tar.gz,tiger/GW250207_cal/tiger_GW250207_db_1.h5,symlink,0,/home/tgr.o4/GW240925_GW250207/TIGER/GW250207_cal/db_1//samples/tiger_GW250207_db_1.h5,tiger_GW250207_db_1.h5,.h5,tiger_gw250207_db_1
tiger.tar.gz,tiger/GW250207_cal/tiger_GW250207_db_3.h5,symlink,0,/home/tgr.o4/GW240925_GW250207/TIGER/GW250207_cal/db_3//samples/tiger_GW250207_db_3.h5,tiger_GW250207_db_3.h5,.h5,tiger_gw250207_db_3
tiger.tar.gz,tiger/GW250207_cal/tiger_GW250207_dchi_3.h5,symlink,0,/home/tgr.o4/GW240925_GW250207/TIGER/GW250207_cal/dchi_3//samples/tiger_GW250207_dchi_3.h5,tiger_GW250207_dchi_3.h5,.h5,tiger_gw250207_dchi_3
tiger.tar.gz,tiger/GW250207_cal/tiger_GW250207_dchi_2.h5,symlink,0,/home/tgr.o4/GW240925_GW250207/TIGER/GW250207_cal/dchi_2//samples/tiger_GW250207_dchi_2.h5,tiger_GW250207_dchi_2.h5,.h5,tiger_gw250207_dchi_2
tiger.tar.gz,tiger/GW250207_cal/tiger_GW250207_db_2.h5,symlink,0,/home/tgr.o4/GW240925_GW250207/TIGER/GW250207_cal/db_2//samples/tiger_GW250207_db_2.h5,tiger_GW250207_db_2.h5,.h5,tiger_gw250207_db_2
tiger.tar.gz,tiger/GW250207_cal/tiger_GW250207_dchi_6.h5,symlink,0,/home/tgr.o4/GW240925_GW250207/TIGER/GW250207_cal/dchi_6//samples/tiger_GW250207_dchi_6.h5,tiger_GW250207_dchi_6.h5,.h5,tiger_gw250207_dchi_6
tiger.tar.gz,tiger/GW250207_cal/tiger_GW250207_dchi_7.h5,symlink,0,/home/tgr.o4/GW240925_GW250207/TIGER/GW250207_cal/dchi_7//samples/tiger_GW250207_dchi_7.h5,tiger_GW250207_dchi_7.h5,.h5,tiger_gw250207_dchi_7
tiger.tar.gz,tiger/GW250207_cal/tiger_GW250207_dc_2.h5,symlink,0,/home/tgr.o4/GW240925_GW250207/TIGER/GW250207_cal/dc_2//samples/tiger_GW250207_dc_2.h5,tiger_GW250207_dc_2.h5,.h5,tiger_gw250207_dc_2
tiger.tar.gz,tiger/GW250207_cal/tiger_GW250207_dchi_5l.h5,symlink,0,/home/tgr.o4/GW240925_GW250207/TIGER/GW250207_cal/dchi_5l//samples/tiger_GW250207_dchi_5l.h5,tiger_GW250207_dchi_5l.h5,.h5,tiger_gw250207_dchi_5l
tiger.tar.gz,tiger/GW250207_cal/tiger_GW250207_db_4.h5,symlink,0,/home/tgr.o4/GW240925_GW250207/TIGER/GW250207_cal/db_4//samples/tiger_GW250207_db_4.h5,tiger_GW250207_db_4.h5,.h5,tiger_gw250207_db_4
tiger.tar.gz,tiger/GW250207_cal/tiger_GW250207_dc_1.h5,symlink,0,/home/tgr.o4/GW240925_GW250207/TIGER/GW250207_cal/dc_1//samples/tiger_GW250207_dc_1.h5,tiger_GW250207_dc_1.h5,.h5,tiger_gw250207_dc_1
tiger.tar.gz,tiger/GW250207_cal/tiger_GW250207_dchi_4.h5,symlink,0,/home/tgr.o4/GW240925_GW250207/TIGER/GW250207_cal/dchi_4//samples/tiger_GW250207_dchi_4.h5,tiger_GW250207_dchi_4.h5,.h5,tiger_gw250207_dchi_4
tiger.tar.gz,tiger/GW250207_no_cal,directory,0,,GW250207_no_cal,,gw250207_no_cal
tiger.tar.gz,tiger/GW250207_no_cal/tiger_GW250207_dchi_6.h5,symlink,0,/home/tgr.o4/GW240925_GW250207/TIGER/GW250207_no_cal/dchi_6//samples/tiger_GW250207_dchi_6.h5,tiger_GW250207_dchi_6.h5,.h5,tiger_gw250207_dchi_6
tiger.tar.gz,tiger/GW250207_no_cal/tiger_GW250207_db_3.h5,symlink,0,/home/tgr.o4/GW240925_GW250207/TIGER/GW250207_no_cal/db_3//samples/tiger_GW250207_db_3.h5,tiger_GW250207_db_3.h5,.h5,tiger_gw250207_db_3
tiger.tar.gz,tiger/GW250207_no_cal/tiger_GW250207_db_2.h5,symlink,0,/home/tgr.o4/GW240925_GW250207/TIGER/GW250207_no_cal/db_2//samples/tiger_GW250207_db_2.h5,tiger_GW250207_db_2.h5,.h5,tiger_gw250207_db_2
tiger.tar.gz,tiger/GW250207_no_cal/tiger_GW250207_dchi_7.h5,symlink,0,/home/tgr.o4/GW240925_GW250207/TIGER/GW250207_no_cal/dchi_7//samples/tiger_GW250207_dchi_7.h5,tiger_GW250207_dchi_7.h5,.h5,tiger_gw250207_dchi_7
tiger.tar.gz,tiger/GW250207_no_cal/tiger_GW250207_dchi_4.h5,symlink,0,/home/tgr.o4/GW240925_GW250207/TIGER/GW250207_no_cal/dchi_4//samples/tiger_GW250207_dchi_4.h5,tiger_GW250207_dchi_4.h5,.h5,tiger_gw250207_dchi_4
tiger.tar.gz,tiger/GW250207_no_cal/tiger_GW250207_db_1.h5,symlink,0,/home/tgr.o4/GW240925_GW250207/TIGER/GW250207_no_cal/db_1//samples/tiger_GW250207_db_1.h5,tiger_GW250207_db_1.h5,.h5,tiger_gw250207_db_1
tiger.tar.gz,tiger/GW250207_no_cal/tiger_GW250207_dc_4.h5,symlink,0,/home/tgr.o4/GW240925_GW250207/TIGER/GW250207_no_cal/dc_4//samples/tiger_GW250207_dc_4.h5,tiger_GW250207_dc_4.h5,.h5,tiger_gw250207_dc_4
tiger.tar.gz,tiger/GW250207_no_cal/tiger_GW250207_dc_l.h5,symlink,0,/home/tgr.o4/GW240925_GW250207/TIGER/GW250207_no_cal/dc_l//samples/tiger_GW250207_dc_l.h5,tiger_GW250207_dc_l.h5,.h5,tiger_gw250207_dc_l
tiger.tar.gz,tiger/GW250207_no_cal/tiger_GW250207_dchi_5l.h5,symlink,0,/home/tgr.o4/GW240925_GW250207/TIGER/GW250207_no_cal/dchi_5l//samples/tiger_GW250207_dchi_5l.h5,tiger_GW250207_dchi_5l.h5,.h5,tiger_gw250207_dchi_5l
tiger.tar.gz,tiger/GW250207_no_cal/tiger_GW250207_dchi_0.h5,symlink,0,/home/tgr.o4/GW240925_GW250207/TIGER/GW250207_no_cal/dchi_0//samples/tiger_GW250207_dchi_0.h5,tiger_GW250207_dchi_0.h5,.h5,tiger_gw250207_dchi_0
tiger.tar.gz,tiger/GW250207_no_cal/tiger_GW250207_dc_1.h5,symlink,0,/home/tgr.o4/GW240925_GW250207/TIGER/GW250207_no_cal/dc_1//samples/tiger_GW250207_dc_1.h5,tiger_GW250207_dc_1.h5,.h5,tiger_gw250207_dc_1
tiger.tar.gz,tiger/GW250207_no_cal/tiger_GW250207_dchi_1.h5,symlink,0,/home/tgr.o4/GW240925_GW250207/TIGER/GW250207_no_cal/dchi_1//samples/tiger_GW250207_dchi_1.h5,tiger_GW250207_dchi_1.h5,.h5,tiger_gw250207_dchi_1
tiger.tar.gz,tiger/GW250207_no_cal/tiger_GW250207_db_4.h5,symlink,0,/home/tgr.o4/GW240925_GW250207/TIGER/GW250207_no_cal/db_4//samples/tiger_GW250207_db_4.h5,tiger_GW250207_db_4.h5,.h5,tiger_gw250207_db_4
tiger.tar.gz,tiger/GW250207_no_cal/tiger_GW250207_dchi_3.h5,symlink,0,/home/tgr.o4/GW240925_GW250207/TIGER/GW250207_no_cal/dchi_3//samples/tiger_GW250207_dchi_3.h5,tiger_GW250207_dchi_3.h5,.h5,tiger_gw250207_dchi_3
tiger.tar.gz,tiger/GW250207_no_cal/tiger_GW250207_dc_2.h5,symlink,0,/home/tgr.o4/GW240925_GW250207/TIGER/GW250207_no_cal/dc_2//samples/tiger_GW250207_dc_2.h5,tiger_GW250207_dc_2.h5,.h5,tiger_gw250207_dc_2
tiger.tar.gz,tiger/GW250207_no_cal/tiger_GW250207_dchi_2.h5,symlink,0,/home/tgr.o4/GW240925_GW250207/TIGER/GW250207_no_cal/dchi_2//samples/tiger_GW250207_dchi_2.h5,tiger_GW250207_dchi_2.h5,.h5,tiger_gw250207_dchi_2
tiger.tar.gz,tiger/GW250207_no_cal/tiger_GW250207_dchi_minus2.h5,symlink,0,/home/tgr.o4/GW240925_GW250207/TIGER/GW250207_no_cal/dchi_minus2//samples/tiger_GW250207_dchi_minus2.h5,tiger_GW250207_dchi_minus2.h5,.h5,tiger_gw250207_dchi_minus2
tiger.tar.gz,tiger/GW250207_no_cal/tiger_GW250207_dchi_6l.h5,symlink,0,/home/tgr.o4/GW240925_GW250207/TIGER/GW250207_no_cal/dchi_6l//samples/tiger_GW250207_dchi_6l.h5,tiger_GW250207_dchi_6l.h5,.h5,tiger_gw250207_dchi_6l
tiger.tar.gz,tiger/GW240925_cal,directory,0,,GW240925_cal,,gw240925_cal
tiger.tar.gz,tiger/GW240925_cal/tiger_GW240925_dchi_5l.h5,symlink,0,/home/tgr.o4/GW240925_GW250207/TIGER/GW240925_cal/dchi_5l//samples/tiger_GW240925_dchi_5l.h5,tiger_GW240925_dchi_5l.h5,.h5,tiger_gw240925_dchi_5l
tiger.tar.gz,tiger/GW240925_cal/tiger_GW240925_dchi_minus2.h5,symlink,0,/home/tgr.o4/GW240925_GW250207/TIGER/GW240925_cal/dchi_minus2//samples/tiger_GW240925_dchi_minus2.h5,tiger_GW240925_dchi_minus2.h5,.h5,tiger_gw240925_dchi_minus2
tiger.tar.gz,tiger/GW240925_cal/tiger_GW240925_db_4.h5,symlink,0,/home/tgr.o4/GW240925_GW250207/TIGER/GW240925_cal/db_4//samples/tiger_GW240925_db_4.h5,tiger_GW240925_db_4.h5,.h5,tiger_gw240925_db_4
tiger.tar.gz,tiger/GW240925_cal/tiger_GW240925_dc_1.h5,symlink,0,/home/tgr.o4/GW240925_GW250207/TIGER/GW240925_cal/dc_1//samples/tiger_GW240925_dc_1.h5,tiger_GW240925_dc_1.h5,.h5,tiger_gw240925_dc_1
tiger.tar.gz,tiger/GW240925_cal/tiger_GW240925_dchi_3.h5,symlink,0,/home/tgr.o4/GW240925_GW250207/TIGER/GW240925_cal/dchi_3//samples/tiger_GW240925_dchi_3.h5,tiger_GW240925_dchi_3.h5,.h5,tiger_gw240925_dchi_3
tiger.tar.gz,tiger/GW240925_cal/tiger_GW240925_dchi_2.h5,symlink,0,/home/tgr.o4/GW240925_GW250207/TIGER/GW240925_cal/dchi_2//samples/tiger_GW240925_dchi_2.h5,tiger_GW240925_dchi_2.h5,.h5,tiger_gw240925_dchi_2
tiger.tar.gz,tiger/GW240925_cal/tiger_GW240925_dchi_6l.h5,symlink,0,/home/tgr.o4/GW240925_GW250207/TIGER/GW240925_cal/dchi_6l//samples/tiger_GW240925_dchi_6l.h5,tiger_GW240925_dchi_6l.h5,.h5,tiger_gw240925_dchi_6l
tiger.tar.gz,tiger/GW240925_cal/tiger_GW240925_dchi_0.h5,symlink,0,/home/tgr.o4/GW240925_GW250207/TIGER/GW240925_cal/dchi_0//samples/tiger_GW240925_dchi_0.h5,tiger_GW240925_dchi_0.h5,.h5,tiger_gw240925_dchi_0
tiger.tar.gz,tiger/GW240925_cal/tiger_GW240925_dc_2.h5,symlink,0,/home/tgr.o4/GW240925_GW250207/TIGER/GW240925_cal/dc_2//samples/tiger_GW240925_dc_2.h5,tiger_GW240925_dc_2.h5,.h5,tiger_gw240925_dc_2
tiger.tar.gz,tiger/GW240925_cal/tiger_GW240925_dchi_1.h5,symlink,0,/home/tgr.o4/GW240925_GW250207/TIGER/GW240925_cal/dchi_1//samples/tiger_GW240925_dchi_1.h5,tiger_GW240925_dchi_1.h5,.h5,tiger_gw240925_dchi_1
tiger.tar.gz,tiger/GW240925_cal/tiger_GW240925_db_2.h5,symlink,0,/home/tgr.o4/GW240925_GW250207/TIGER/GW240925_cal/db_2//samples/tiger_GW240925_db_2.h5,tiger_GW240925_db_2.h5,.h5,tiger_gw240925_db_2
tiger.tar.gz,tiger/GW240925_cal/tiger_GW240925_db_3.h5,symlink,0,/home/tgr.o4/GW240925_GW250207/TIGER/GW240925_cal/db_3//samples/tiger_GW240925_db_3.h5,tiger_GW240925_db_3.h5,.h5,tiger_gw240925_db_3
tiger.tar.gz,tiger/GW240925_cal/tiger_GW240925_dchi_4.h5,symlink,0,/home/tgr.o4/GW240925_GW250207/TIGER/GW240925_cal/dchi_4//samples/tiger_GW240925_dchi_4.h5,tiger_GW240925_dchi_4.h5,.h5,tiger_gw240925_dchi_4
tiger.tar.gz,tiger/GW240925_cal/tiger_GW240925_dc_4.h5,symlink,0,/home/tgr.o4/GW240925_GW250207/TIGER/GW240925_cal/dc_4//samples/tiger_GW240925_dc_4.h5,tiger_GW240925_dc_4.h5,.h5,tiger_gw240925_dc_4
tiger.tar.gz,tiger/GW240925_cal/tiger_GW240925_dc_l.h5,symlink,0,/home/tgr.o4/GW240925_GW250207/TIGER/GW240925_cal/dc_l//samples/tiger_GW240925_dc_l.h5,tiger_GW240925_dc_l.h5,.h5,tiger_gw240925_dc_l
tiger.tar.gz,tiger/GW240925_cal/tiger_GW240925_dchi_6.h5,symlink,0,/home/tgr.o4/GW240925_GW250207/TIGER/GW240925_cal/dchi_6//samples/tiger_GW240925_dchi_6.h5,tiger_GW240925_dchi_6.h5,.h5,tiger_gw240925_dchi_6
tiger.tar.gz,tiger/GW240925_cal/tiger_GW240925_db_1.h5,symlink,0,/home/tgr.o4/GW240925_GW250207/TIGER/GW240925_cal/db_1//samples/tiger_GW240925_db_1.h5,tiger_GW240925_db_1.h5,.h5,tiger_gw240925_db_1
tiger.tar.gz,tiger/GW240925_cal/tiger_GW240925_dchi_7.h5,symlink,0,/home/tgr.o4/GW240925_GW250207/TIGER/GW240925_cal/dchi_7//samples/tiger_GW240925_dchi_7.h5,tiger_GW240925_dchi_7.h5,.h5,tiger_gw240925_dchi_7
ringdown.tar.gz,ringdown,directory,0,,ringdown,,ringdown
ringdown.tar.gz,ringdown/rd_GW250207_Kerr220_8M_singleIFO_prod_2048Hz_evol_20Ksamps.hdf5,regular,1286528,,rd_GW250207_Kerr220_8M_singleIFO_prod_2048Hz_evol_20Ksamps.hdf5,.hdf5,rd_gw250207_kerr220_8m_singleifo_prod_2048hz_evol_20ksamps
ringdown.tar.gz,ringdown/ringdown_GW250207_Kerr220_start8M_H1.nc,regular,434304016,,ringdown_GW250207_Kerr220_start8M_H1.nc,.nc,ringdown_gw250207_kerr220_start8m_h1.nc
ringdown.tar.gz,ringdown/ringdown_GW250207_Kerr220_start8M_L1.nc,regular,435965571,,ringdown_GW250207_Kerr220_start8M_L1.nc,.nc,ringdown_gw250207_kerr220_start8m_l1.nc
qnmrf.tar.gz,qnmrf,directory,0,,qnmrf,,qnmrf
qnmrf.tar.gz,qnmrf/f_tau_credible_contours_evo_8.0M.npz,regular,2014716,,f_tau_credible_contours_evo_8.0M.npz,.npz,f_tau_credible_contours_evo_8.0m.npz
qnmrf.tar.gz,qnmrf/QNMRF_GW250207_Hanford_220_t=8.0M.h5,regular,1000288,,QNMRF_GW250207_Hanford_220_t=8.0M.h5,.h5,qnmrf_gw250207_hanford_220_t=8.0m
qnmrf.tar.gz,qnmrf/QNMRF_mass_chi_grid.npz,regular,1988660,,QNMRF_mass_chi_grid.npz,.npz,qnmrf_mass_chi_grid.npz
qnmrf.tar.gz,qnmrf/QNMRF_GW250207_Livingston_220_t=8.0M.h5,regular,1000288,,QNMRF_GW250207_Livingston_220_t=8.0M.h5,.h5,qnmrf_gw250207_livingston_220_t=8.0m
pca.tar.gz,pca,directory,0,,pca,,pca
pca.tar.gz,pca/pca_tiger_GW240925_005809_C01_envelope_dchi_3_dchi_4_dchi_5l_dchi_6_dchi_6l_dchi_7.h5,regular,87775728,,pca_tiger_GW240925_005809_C01_envelope_dchi_3_dchi_4_dchi_5l_dchi_6_dchi_6l_dchi_7.h5,.h5,pca_tiger_gw240925_005809_c01_envelope_dchi_3_dchi_4_dchi_5l_dchi_6_dchi_6l_dchi_7
pca.tar.gz,pca/pca_tiger_GW240925_005809_C00_envelope_dchi_3_dchi_4_dchi_5l_dchi_6_dchi_6l_dchi_7.h5,regular,82663984,,pca_tiger_GW240925_005809_C00_envelope_dchi_3_dchi_4_dchi_5l_dchi_6_dchi_6l_dchi_7.h5,.h5,pca_tiger_gw240925_005809_c00_envelope_dchi_3_dchi_4_dchi_5l_dchi_6_dchi_6l_dchi_7
pca.tar.gz,pca/pca_fti_GW250207_115645_C00_none_dchi_3NS_dchi_4NS_dchi_5lNS_dchi_6NS_dchi_6l_dchi_7NS.h5,regular,41790405,,pca_fti_GW250207_115645_C00_none_dchi_3NS_dchi_4NS_dchi_5lNS_dchi_6NS_dchi_6l_dchi_7NS.h5,.h5,pca_fti_gw250207_115645_c00_none_dchi_3ns_dchi_4ns_dchi_5lns_dchi_6ns_dchi_6l_dchi_7ns
pca.tar.gz,pca/pca_tiger_GW250207_115645_C00_none_dchi_3_dchi_4_dchi_5l_dchi_6_dchi_6l_dchi_7.h5,regular,42201960,,pca_tiger_GW250207_115645_C00_none_dchi_3_dchi_4_dchi_5l_dchi_6_dchi_6l_dchi_7.h5,.h5,pca_tiger_gw250207_115645_c00_none_dchi_3_dchi_4_dchi_5l_dchi_6_dchi_6l_dchi_7
pca.tar.gz,pca/pca_tiger_GW250207_115645_C00_wide_dchi_3_dchi_4_dchi_5l_dchi_6_dchi_6l_dchi_7.h5,regular,112028560,,pca_tiger_GW250207_115645_C00_wide_dchi_3_dchi_4_dchi_5l_dchi_6_dchi_6l_dchi_7.h5,.h5,pca_tiger_gw250207_115645_c00_wide_dchi_3_dchi_4_dchi_5l_dchi_6_dchi_6l_dchi_7
pca.tar.gz,pca/pca_fti_GW250207_115645_C00_wide_dchi_3NS_dchi_4NS_dchi_5lNS_dchi_6NS_dchi_6l_dchi_7NS.h5,regular,100406361,,pca_fti_GW250207_115645_C00_wide_dchi_3NS_dchi_4NS_dchi_5lNS_dchi_6NS_dchi_6l_dchi_7NS.h5,.h5,pca_fti_gw250207_115645_c00_wide_dchi_3ns_dchi_4ns_dchi_5lns_dchi_6ns_dchi_6l_dchi_7ns
pca.tar.gz,pca/pca_tiger_GW240925_005809_C00_none_dchi_3_dchi_4_dchi_5l_dchi_6_dchi_6l_dchi_7.h5,regular,26446248,,pca_tiger_GW240925_005809_C00_none_dchi_3_dchi_4_dchi_5l_dchi_6_dchi_6l_dchi_7.h5,.h5,pca_tiger_gw240925_005809_c00_none_dchi_3_dchi_4_dchi_5l_dchi_6_dchi_6l_dchi_7
pca.tar.gz,pca/pca_tiger_GW240925_005809_C00_wide_dchi_3_dchi_4_dchi_5l_dchi_6_dchi_6l_dchi_7.h5,regular,102977169,,pca_tiger_GW240925_005809_C00_wide_dchi_3_dchi_4_dchi_5l_dchi_6_dchi_6l_dchi_7.h5,.h5,pca_tiger_gw240925_005809_c00_wide_dchi_3_dchi_4_dchi_5l_dchi_6_dchi_6l_dchi_7
pseobnr.tar.gz,pseobnr,directory,0,,pseobnr,,pseobnr
pseobnr.tar.gz,pseobnr/22_44_WideCal.hdf5,regular,42334240,,22_44_WideCal.hdf5,.hdf5,22_44_widecal
pseobnr.tar.gz,pseobnr/22_NoCal.hdf5,regular,17333456,,22_NoCal.hdf5,.hdf5,22_nocal
pseobnr.tar.gz,pseobnr/22_44_NoCal.hdf5,regular,17809352,,22_44_NoCal.hdf5,.hdf5,22_44_nocal
pseobnr.tar.gz,pseobnr/22_WideCal.hdf5,regular,41572480,,22_WideCal.hdf5,.hdf5,22_widecal
pseobnr.tar.gz,pseobnr/22_WideCal_ftau.h5,regular,326144,,22_WideCal_ftau.h5,.h5,22_widecal_ftau
pseobnr.tar.gz,pseobnr/22_NoCal_ftau.h5,regular,326144,,22_NoCal_ftau.h5,.h5,22_nocal_ftau
residuals.tar.gz,residuals,directory,0,,residuals,,residuals
residuals.tar.gz,residuals/GW240925,directory,0,,GW240925,,gw240925
residuals.tar.gz,residuals/GW240925/flat_wide_calib,directory,0,,flat_wide_calib,,flat_wide_calib
residuals.tar.gz,residuals/GW240925/flat_wide_calib/H-H1_HOFT_C00_RES-1411261101-16.gwf,regular,257894,,H-H1_HOFT_C00_RES-1411261101-16.gwf,.gwf,h-h1_hoft_c00_res-1411261101-16.gwf
residuals.tar.gz,residuals/GW240925/flat_wide_calib/L-L1_HOFT_C00_AR_RES-1411261101-16.gwf,regular,258023,,L-L1_HOFT_C00_AR_RES-1411261101-16.gwf,.gwf,l-l1_hoft_c00_ar_res-1411261101-16.gwf
residuals.tar.gz,residuals/GW240925/flat_wide_calib/V-HoftAR1_RES-1411261101-16.gwf,regular,259167,,V-HoftAR1_RES-1411261101-16.gwf,.gwf,v-hoftar1_res-1411261101-16.gwf
residuals.tar.gz,residuals/GW240925/no_calib,directory,0,,no_calib,,no_calib
residuals.tar.gz,residuals/GW240925/no_calib/H-H1_HOFT_C00_RES-1411261101-16.gwf,regular,257893,,H-H1_HOFT_C00_RES-1411261101-16.gwf,.gwf,h-h1_hoft_c00_res-1411261101-16.gwf
residuals.tar.gz,residuals/GW240925/no_calib/V-HoftAR1_RES-1411261101-16.gwf,regular,259159,,V-HoftAR1_RES-1411261101-16.gwf,.gwf,v-hoftar1_res-1411261101-16.gwf
residuals.tar.gz,residuals/GW240925/no_calib/L-L1_HOFT_C00_AR_RES-1411261101-16.gwf,regular,258024,,L-L1_HOFT_C00_AR_RES-1411261101-16.gwf,.gwf,l-l1_hoft_c00_ar_res-1411261101-16.gwf
residuals.tar.gz,residuals/GW250207,directory,0,,GW250207,,gw250207
residuals.tar.gz,residuals/GW250207/no_calib,directory,0,,no_calib,,no_calib
residuals.tar.gz,residuals/GW250207/no_calib/H-H1_HOFT_C00_RES-1422964617-16.gwf,regular,258147,,H-H1_HOFT_C00_RES-1422964617-16.gwf,.gwf,h-h1_hoft_c00_res-1422964617-16.gwf
residuals.tar.gz,residuals/GW250207/no_calib/L-L1_HOFT_C00_AR_RES-1422964617-16.gwf,regular,258156,,L-L1_HOFT_C00_AR_RES-1422964617-16.gwf,.gwf,l-l1_hoft_c00_ar_res-1422964617-16.gwf
residuals.tar.gz,residuals/GW250207/no_calib/V-HoftAR1_RES-1422964617-16.gwf,regular,259345,,V-HoftAR1_RES-1422964617-16.gwf,.gwf,v-hoftar1_res-1422964617-16.gwf
residuals.tar.gz,residuals/GW250207/flat_wide_calib,directory,0,,flat_wide_calib,,flat_wide_calib
residuals.tar.gz,residuals/GW250207/flat_wide_calib/V-HoftAR1_RES-1422964617-16.gwf,regular,259341,,V-HoftAR1_RES-1422964617-16.gwf,.gwf,v-hoftar1_res-1422964617-16.gwf
residuals.tar.gz,residuals/GW250207/flat_wide_calib/H-H1_HOFT_C00_RES-1422964617-16.gwf,regular,258166,,H-H1_HOFT_C00_RES-1422964617-16.gwf,.gwf,h-h1_hoft_c00_res-1422964617-16.gwf
residuals.tar.gz,residuals/GW250207/flat_wide_calib/L-L1_HOFT_C00_AR_RES-1422964617-16.gwf,regular,258063,,L-L1_HOFT_C00_AR_RES-1422964617-16.gwf,.gwf,l-l1_hoft_c00_ar_res-1422964617-16.gwf
skymaps.tar.gz,skymaps,directory,0,,skymaps,,skymaps
skymaps.tar.gz,skymaps/S240925n,directory,0,,S240925n,,s240925n
skymaps.tar.gz,skymaps/S240925n/IMRPhenomXPHM-SpinTaylor_nocalC00_skymap.fits,symlink,0,/home/sylvia.biscoveanu/gw240925_and_gw250207/data/skymaps/S240925n/PROD3_skymap.fits,IMRPhenomXPHM-SpinTaylor_nocalC00_skymap.fits,.fits,imrphenomxphm-spintaylor_nocalc00_skymap.fits
skymaps.tar.gz,skymaps/S240925n/combinedPHM_nocalC00_skymap.fits,symlink,0,/home/sylvia.biscoveanu/gw240925_and_gw250207/data/skymaps/S240925n/combinedPHM_nocalC00_skymap.fits,combinedPHM_nocalC00_skymap.fits,.fits,combinedphm_nocalc00_skymap.fits
skymaps.tar.gz,skymaps/S240925n/IMRPhenomXPHM-SpinTaylor_envcalC00_skymap.fits,symlink,0,/home/sylvia.biscoveanu/gw240925_and_gw250207/data/skymaps/S240925n/PROD0_skymap.fits,IMRPhenomXPHM-SpinTaylor_envcalC00_skymap.fits,.fits,imrphenomxphm-spintaylor_envcalc00_skymap.fits
skymaps.tar.gz,skymaps/S240925n/SEOBNRv5PHM_nocalC00_skymap.fits,symlink,0,/home/sylvia.biscoveanu/gw240925_and_gw250207/data/skymaps/S240925n/PROD5_skymap.fits,SEOBNRv5PHM_nocalC00_skymap.fits,.fits,seobnrv5phm_nocalc00_skymap.fits
skymaps.tar.gz,skymaps/S240925n/combinedPHM_envcalC01_skymap.fits,symlink,0,/home/sylvia.biscoveanu/gw240925_and_gw250207/data/skymaps/S240925n/combinedPHM_envcalC01_skymap.fits,combinedPHM_envcalC01_skymap.fits,.fits,combinedphm_envcalc01_skymap.fits
skymaps.tar.gz,skymaps/S240925n/combinedPHM_flatcalC00_skymap.fits,symlink,0,/home/sylvia.biscoveanu/gw240925_and_gw250207/data/skymaps/S240925n/combinedPHM_flatcalC00_skymap.fits,combinedPHM_flatcalC00_skymap.fits,.fits,combinedphm_flatcalc00_skymap.fits
skymaps.tar.gz,skymaps/S240925n/Bilby.offline0.multiorder.fits,symlink,0,/home/sylvia.biscoveanu/gw240925_and_gw250207/data/skymaps/S240925n/Bilby.offline0.multiorder.fits,Bilby.offline0.multiorder.fits,.fits,bilby.offline0.multiorder.fits
skymaps.tar.gz,skymaps/S240925n/bayestar.multiorder.fits,symlink,0,/home/sylvia.biscoveanu/gw240925_and_gw250207/data/skymaps/S240925n/bayestar.multiorder.fits,bayestar.multiorder.fits,.fits,bayestar.multiorder.fits
skymaps.tar.gz,skymaps/S240925n/IMRPhenomXPNR_envcalC00_skymap.fits,symlink,0,/home/sylvia.biscoveanu/gw240925_and_gw250207/data/skymaps/S240925n/PROD1_skymap.fits,IMRPhenomXPNR_envcalC00_skymap.fits,.fits,imrphenomxpnr_envcalc00_skymap.fits
skymaps.tar.gz,skymaps/S240925n/SEOBNRv5PHM_envcalC01_skymap.fits,symlink,0,/home/sylvia.biscoveanu/gw240925_and_gw250207/data/skymaps/S240925n/PROD11_skymap.fits,SEOBNRv5PHM_envcalC01_skymap.fits,.fits,seobnrv5phm_envcalc01_skymap.fits
skymaps.tar.gz,skymaps/S240925n/combinedPHM_envcalC00_skymap.fits,symlink,0,/home/sylvia.biscoveanu/gw240925_and_gw250207/data/skymaps/S240925n/combinedPHM_envcalC00_skymap.fits,combinedPHM_envcalC00_skymap.fits,.fits,combinedphm_envcalc00_skymap.fits
skymaps.tar.gz,skymaps/S240925n/SEOBNRv5PHM_envcalC00_skymap.fits,symlink,0,/home/sylvia.biscoveanu/gw240925_and_gw250207/data/skymaps/S240925n/PROD2_skymap.fits,SEOBNRv5PHM_envcalC00_skymap.fits,.fits,seobnrv5phm_envcalc00_skymap.fits
skymaps.tar.gz,skymaps/S240925n/IMRPhenomXPNR_envcalC01_skymap.fits,symlink,0,/home/sylvia.biscoveanu/gw240925_and_gw250207/data/skymaps/S240925n/PROD10_skymap.fits,IMRPhenomXPNR_envcalC01_skymap.fits,.fits,imrphenomxpnr_envcalc01_skymap.fits
skymaps.tar.gz,skymaps/S240925n/IMRPhenomXPNR_flatcalC00_skymap.fits,symlink,0,/home/sylvia.biscoveanu/gw240925_and_gw250207/data/skymaps/S240925n/PROD7_skymap.fits,IMRPhenomXPNR_flatcalC00_skymap.fits,.fits,imrphenomxpnr_flatcalc00_skymap.fits
skymaps.tar.gz,skymaps/S240925n/SEOBNRv5PHM_flatcalC00_skymap.fits,symlink,0,/home/sylvia.biscoveanu/gw240925_and_gw250207/data/skymaps/S240925n/PROD8_skymap.fits,SEOBNRv5PHM_flatcalC00_skymap.fits,.fits,seobnrv5phm_flatcalc00_skymap.fits
skymaps.tar.gz,skymaps/S240925n/IMRPhenomXPNR_nocalC00_skymap.fits,symlink,0,/home/sylvia.biscoveanu/gw240925_and_gw250207/data/skymaps/S240925n/PROD4_skymap.fits,IMRPhenomXPNR_nocalC00_skymap.fits,.fits,imrphenomxpnr_nocalc00_skymap.fits
skymaps.tar.gz,skymaps/S240925n/IMRPhenomXPHM-SpinTaylor_flatcalC00_skymap.fits,symlink,0,/home/sylvia.biscoveanu/gw240925_and_gw250207/data/skymaps/S240925n/PROD6_skymap.fits,IMRPhenomXPHM-SpinTaylor_flatcalC00_skymap.fits,.fits,imrphenomxphm-spintaylor_flatcalc00_skymap.fits
skymaps.tar.gz,skymaps/S240925n/IMRPhenomXPHM-SpinTaylor_envcalC01_skymap.fits,symlink,0,/home/sylvia.biscoveanu/gw240925_and_gw250207/data/skymaps/S240925n/PROD9_skymap.fits,IMRPhenomXPHM-SpinTaylor_envcalC01_skymap.fits,.fits,imrphenomxphm-spintaylor_envcalc01_skymap.fits
skymaps.tar.gz,skymaps/S250207bg,directory,0,,S250207bg,,s250207bg
skymaps.tar.gz,skymaps/S250207bg/IMRPhenomXPNR_nocal_skymap.fits,symlink,0,/home/sylvia.biscoveanu/gw240925_and_gw250207/data/skymaps/S250207bg/PROD6_skymap.fits,IMRPhenomXPNR_nocal_skymap.fits,.fits,imrphenomxpnr_nocal_skymap.fits
skymaps.tar.gz,skymaps/S250207bg/IMRPhenomXAS_nocal_skymap.fits,symlink,0,/home/sylvia.biscoveanu/gw240925_and_gw250207/data/skymaps/S250207bg/PROD9_skymap.fits,IMRPhenomXAS_nocal_skymap.fits,.fits,imrphenomxas_nocal_skymap.fits
skymaps.tar.gz,skymaps/S250207bg/bayestar.multiorder.fits,symlink,0,/home/sylvia.biscoveanu/gw240925_and_gw250207/data/skymaps/S250207bg/bayestar.multiorder.fits,bayestar.multiorder.fits,.fits,bayestar.multiorder.fits
skymaps.tar.gz,skymaps/S250207bg/SEOBNRv5PHM_nocal_skymap.fits,symlink,0,/home/sylvia.biscoveanu/gw240925_and_gw250207/data/skymaps/S250207bg/PROD8_skymap.fits,SEOBNRv5PHM_nocal_skymap.fits,.fits,seobnrv5phm_nocal_skymap.fits
skymaps.tar.gz,skymaps/S250207bg/NRSur7dq4_cal_skymap.fits,symlink,0,/home/sylvia.biscoveanu/gw240925_and_gw250207/data/skymaps/S250207bg/PROD2_skymap.fits,NRSur7dq4_cal_skymap.fits,.fits,nrsur7dq4_cal_skymap.fits
skymaps.tar.gz,skymaps/S250207bg/NRSur7dq4_H1cal_skymap.fits,symlink,0,/home/sylvia.biscoveanu/gw240925_and_gw250207/data/skymaps/S250207bg/PROD13_skymap.fits,NRSur7dq4_H1cal_skymap.fits,.fits,nrsur7dq4_h1cal_skymap.fits
skymaps.tar.gz,skymaps/S250207bg/combinedPHM_H1cal_skymap.fits,symlink,0,/home/sylvia.biscoveanu/gw240925_and_gw250207/data/skymaps/S250207bg/combinedPHM_H1cal_skymap.fits,combinedPHM_H1cal_skymap.fits,.fits,combinedphm_h1cal_skymap.fits
skymaps.tar.gz,skymaps/S250207bg/IMRPhenomXPHM-SpinTaylor_H1cal_skymap.fits,symlink,0,/home/sylvia.biscoveanu/gw240925_and_gw250207/data/skymaps/S250207bg/PROD10_skymap.fits,IMRPhenomXPHM-SpinTaylor_H1cal_skymap.fits,.fits,imrphenomxphm-spintaylor_h1cal_skymap.fits
skymaps.tar.gz,skymaps/S250207bg/IMRPhenomXPNR_cal_skymap.fits,symlink,0,/home/sylvia.biscoveanu/gw240925_and_gw250207/data/skymaps/S250207bg/PROD1_skymap.fits,IMRPhenomXPNR_cal_skymap.fits,.fits,imrphenomxpnr_cal_skymap.fits
skymaps.tar.gz,skymaps/S250207bg/IMRPhenomXAS_cal_skymap.fits,symlink,0,/home/sylvia.biscoveanu/gw240925_and_gw250207/data/skymaps/S250207bg/PROD4_skymap.fits,IMRPhenomXAS_cal_skymap.fits,.fits,imrphenomxas_cal_skymap.fits
skymaps.tar.gz,skymaps/S250207bg/SEOBNRv5PHM_cal_skymap.fits,symlink,0,/home/sylvia.biscoveanu/gw240925_and_gw250207/data/skymaps/S250207bg/PROD3_skymap.fits,SEOBNRv5PHM_cal_skymap.fits,.fits,seobnrv5phm_cal_skymap.fits
skymaps.tar.gz,skymaps/S250207bg/Bilby.multiorder.fits,symlink,0,/home/sylvia.biscoveanu/gw240925_and_gw250207/data/skymaps/S250207bg/Bilby.multiorder.fits,Bilby.multiorder.fits,.fits,bilby.multiorder.fits
skymaps.tar.gz,skymaps/S250207bg/SEOBNRv5PHM_H1cal_skymap.fits,symlink,0,/home/sylvia.biscoveanu/gw240925_and_gw250207/data/skymaps/S250207bg/PROD14_skymap.fits,SEOBNRv5PHM_H1cal_skymap.fits,.fits,seobnrv5phm_h1cal_skymap.fits
skymaps.tar.gz,skymaps/S250207bg/IMRPhenomXPHM-SpinTaylor_cal_skymap.fits,symlink,0,/home/sylvia.biscoveanu/gw240925_and_gw250207/data/skymaps/S250207bg/PROD0_skymap.fits,IMRPhenomXPHM-SpinTaylor_cal_skymap.fits,.fits,imrphenomxphm-spintaylor_cal_skymap.fits
skymaps.tar.gz,skymaps/S250207bg/IMRPhenomXPNR_H1cal_skymap.fits,symlink,0,/home/sylvia.biscoveanu/gw240925_and_gw250207/data/skymaps/S250207bg/PROD12_skymap.fits,IMRPhenomXPNR_H1cal_skymap.fits,.fits,imrphenomxpnr_h1cal_skymap.fits
skymaps.tar.gz,skymaps/S250207bg/combinedPHM_nocal_skymap.fits,symlink,0,/home/sylvia.biscoveanu/gw240925_and_gw250207/data/skymaps/S250207bg/combinedPHM_nocal_skymap.fits,combinedPHM_nocal_skymap.fits,.fits,combinedphm_nocal_skymap.fits
skymaps.tar.gz,skymaps/S250207bg/IMRPhenomXPHM-SpinTaylor_nocal_skymap.fits,symlink,0,/home/sylvia.biscoveanu/gw240925_and_gw250207/data/skymaps/S250207bg/PROD5_skymap.fits,IMRPhenomXPHM-SpinTaylor_nocal_skymap.fits,.fits,imrphenomxphm-spintaylor_nocal_skymap.fits
skymaps.tar.gz,skymaps/S250207bg/combinedPHM_cal_skymap.fits,symlink,0,/home/sylvia.biscoveanu/gw240925_and_gw250207/data/skymaps/S250207bg/combinedPHM_cal_skymap.fits,combinedPHM_cal_skymap.fits,.fits,combinedphm_cal_skymap.fits
skymaps.tar.gz,skymaps/S250207bg/NRSur7dq4_nocal_skymap.fits,symlink,0,/home/sylvia.biscoveanu/gw240925_and_gw250207/data/skymaps/S250207bg/PROD7_skymap.fits,NRSur7dq4_nocal_skymap.fits,.fits,nrsur7dq4_nocal_skymap.fits
calibration.tar.gz,calibration,directory,0,,calibration,,calibration
calibration.tar.gz,calibration/GW240925_analysis_ready_mon_data.csv,regular,1364767,,GW240925_analysis_ready_mon_data.csv,.csv,gw240925_analysis_ready_mon_data.csv
calibration.tar.gz,calibration/H1_psd_20240924.dat,regular,650940,,H1_psd_20240924.dat,.dat,h1_psd_20240924.dat
calibration.tar.gz,calibration/GW250207_zoomin.csv,regular,8886,,GW250207_zoomin.csv,.csv,gw250207_zoomin.csv
cal_env.tar.gz,cal_env,directory,0,,cal_env,,cal_env
cal_env.tar.gz,cal_env/S240925n,directory,0,,S240925n,,s240925n
cal_env.tar.gz,cal_env/S240925n/C00,directory,0,,C00,,c00
cal_env.tar.gz,cal_env/S240925n/C00/calibration_uncertainty_H1_1411261218.txt,regular,10647,,calibration_uncertainty_H1_1411261218.txt,.txt,calibration_uncertainty_h1_1411261218.txt
cal_env.tar.gz,cal_env/S240925n/C01,directory,0,,C01,,c01
cal_env.tar.gz,cal_env/S240925n/C01/calibration_uncertainty_H1_1411261218.txt,regular,10647,,calibration_uncertainty_H1_1411261218.txt,.txt,calibration_uncertainty_h1_1411261218.txt
cal_env.tar.gz,cal_env/calibration_uncertainty_H1_tmp_20.txt,regular,10647,,calibration_uncertainty_H1_tmp_20.txt,.txt,calibration_uncertainty_h1_tmp_20.txt
notebook.tar.gz,ARCHIVE_NOT_FOUND,N/A,-1,,,,
GW240925-C00-Strain.tar,GW240925-C00-Strain,directory,0,,GW240925-C00-Strain,,gw240925-c00-strain
GW240925-C00-Strain.tar,GW240925-C00-Strain/O4b4DiscC00_16KHZ_R1,directory,0,,O4b4DiscC00_16KHZ_R1,,o4b4discc00_16khz_r1
GW240925-C00-Strain.tar,GW240925-C00-Strain/O4b4DiscC00_16KHZ_R1/md5,directory,0,,md5,,md5
GW240925-C00-Strain.tar,GW240925-C00-Strain/O4b4DiscC00_16KHZ_R1/md5/strain-gwf.txt,regular,300,,strain-gwf.txt,.txt,strain-gwf.txt
GW240925-C00-Strain.tar,GW240925-C00-Strain/O4b4DiscC00_16KHZ_R1/md5/strain-hdf.txt,regular,303,,strain-hdf.txt,.txt,strain-hdf.txt
GW240925-C00-Strain.tar,GW240925-C00-Strain/O4b4DiscC00_16KHZ_R1/STRAIN_HDF,directory,0,,STRAIN_HDF,,strain_hdf
GW240925-C00-Strain.tar,GW240925-C00-Strain/O4b4DiscC00_16KHZ_R1/STRAIN_HDF/V1,directory,0,,V1,,v1
GW240925-C00-Strain.tar,GW240925-C00-Strain/O4b4DiscC00_16KHZ_R1/STRAIN_HDF/V1/1410334720,directory,0,,1410334720,,1410334720
GW240925-C00-Strain.tar,GW240925-C00-Strain/O4b4DiscC00_16KHZ_R1/STRAIN_HDF/V1/1410334720/V-V1_GWOSC_O4b4DiscC00_16KHZ_R1-1411260416-4096.hdf5,regular,289345875,,V-V1_GWOSC_O4b4DiscC00_16KHZ_R1-1411260416-4096.hdf5,.hdf5,v-v1_gwosc_o4b4discc00_16khz_r1-1411260416-4096
GW240925-C00-Strain.tar,GW240925-C00-Strain/O4b4DiscC00_16KHZ_R1/STRAIN_HDF/H1,directory,0,,H1,,h1
GW240925-C00-Strain.tar,GW240925-C00-Strain/O4b4DiscC00_16KHZ_R1/STRAIN_HDF/H1/1410334720,directory,0,,1410334720,,1410334720
GW240925-C00-Strain.tar,GW240925-C00-Strain/O4b4DiscC00_16KHZ_R1/STRAIN_HDF/H1/1410334720/H-H1_GWOSC_O4b4DiscC00_16KHZ_R1-1411260416-4096.hdf5,regular,213750734,,H-H1_GWOSC_O4b4DiscC00_16KHZ_R1-1411260416-4096.hdf5,.hdf5,h-h1_gwosc_o4b4discc00_16khz_r1-1411260416-4096
GW240925-C00-Strain.tar,GW240925-C00-Strain/O4b4DiscC00_16KHZ_R1/STRAIN_HDF/L1,directory,0,,L1,,l1
GW240925-C00-Strain.tar,GW240925-C00-Strain/O4b4DiscC00_16KHZ_R1/STRAIN_HDF/L1/1410334720,directory,0,,1410334720,,1410334720
GW240925-C00-Strain.tar,GW240925-C00-Strain/O4b4DiscC00_16KHZ_R1/STRAIN_HDF/L1/1410334720/L-L1_GWOSC_O4b4DiscC00_16KHZ_R1-1411260416-4096.hdf5,regular,509585056,,L-L1_GWOSC_O4b4DiscC00_16KHZ_R1-1411260416-4096.hdf5,.hdf5,l-l1_gwosc_o4b4discc00_16khz_r1-1411260416-4096
GW240925-C00-Strain.tar,GW240925-C00-Strain/O4b4DiscC00_16KHZ_R1/STRAIN_GWF,directory,0,,STRAIN_GWF,,strain_gwf
GW240925-C00-Strain.tar,GW240925-C00-Strain/O4b4DiscC00_16KHZ_R1/STRAIN_GWF/H1,directory,0,,H1,,h1
GW240925-C00-Strain.tar,GW240925-C00-Strain/O4b4DiscC00_16KHZ_R1/STRAIN_GWF/H1/1410334720,directory,0,,1410334720,,1410334720
GW240925-C00-Strain.tar,GW240925-C00-Strain/O4b4DiscC00_16KHZ_R1/STRAIN_GWF/H1/1410334720/H-H1_GWOSC_O4b4DiscC00_16KHZ_R1-1411260416-4096.gwf,regular,213602548,,H-H1_GWOSC_O4b4DiscC00_16KHZ_R1-1411260416-4096.gwf,.gwf,h-h1_gwosc_o4b4discc00_16khz_r1-1411260416-4096.gwf
GW240925-C00-Strain.tar,GW240925-C00-Strain/O4b4DiscC00_16KHZ_R1/STRAIN_GWF/V1,directory,0,,V1,,v1
GW240925-C00-Strain.tar,GW240925-C00-Strain/O4b4DiscC00_16KHZ_R1/STRAIN_GWF/V1/1410334720,directory,0,,1410334720,,1410334720
GW240925-C00-Strain.tar,GW240925-C00-Strain/O4b4DiscC00_16KHZ_R1/STRAIN_GWF/V1/1410334720/V-V1_GWOSC_O4b4DiscC00_16KHZ_R1-1411260416-4096.gwf,regular,289411333,,V-V1_GWOSC_O4b4DiscC00_16KHZ_R1-1411260416-4096.gwf,.gwf,v-v1_gwosc_o4b4discc00_16khz_r1-1411260416-4096.gwf
GW240925-C00-Strain.tar,GW240925-C00-Strain/O4b4DiscC00_16KHZ_R1/STRAIN_GWF/L1,directory,0,,L1,,l1
GW240925-C00-Strain.tar,GW240925-C00-Strain/O4b4DiscC00_16KHZ_R1/STRAIN_GWF/L1/1410334720,directory,0,,1410334720,,1410334720
GW240925-C00-Strain.tar,GW240925-C00-Strain/O4b4DiscC00_16KHZ_R1/STRAIN_GWF/L1/1410334720/L-L1_GWOSC_O4b4DiscC00_16KHZ_R1-1411260416-4096.gwf,regular,509663912,,L-L1_GWOSC_O4b4DiscC00_16KHZ_R1-1411260416-4096.gwf,.gwf,l-l1_gwosc_o4b4discc00_16khz_r1-1411260416-4096.gwf
GW240925-C00-Strain.tar,GW240925-C00-Strain/O4b4DiscC00_4KHZ_R1,directory,0,,O4b4DiscC00_4KHZ_R1,,o4b4discc00_4khz_r1
GW240925-C00-Strain.tar,GW240925-C00-Strain/O4b4DiscC00_4KHZ_R1/STRAIN_GWF,directory,0,,STRAIN_GWF,,strain_gwf
GW240925-C00-Strain.tar,GW240925-C00-Strain/O4b4DiscC00_4KHZ_R1/STRAIN_GWF/H1,directory,0,,H1,,h1
GW240925-C00-Strain.tar,GW240925-C00-Strain/O4b4DiscC00_4KHZ_R1/STRAIN_GWF/H1/1410334720,directory,0,,1410334720,,1410334720
GW240925-C00-Strain.tar,GW240925-C00-Strain/O4b4DiscC00_4KHZ_R1/STRAIN_GWF/H1/1410334720/H-H1_GWOSC_O4b4DiscC00_4KHZ_R1-1411260416-4096.gwf,regular,53906288,,H-H1_GWOSC_O4b4DiscC00_4KHZ_R1-1411260416-4096.gwf,.gwf,h-h1_gwosc_o4b4discc00_4khz_r1-1411260416-4096.gwf
GW240925-C00-Strain.tar,GW240925-C00-Strain/O4b4DiscC00_4KHZ_R1/STRAIN_GWF/V1,directory,0,,V1,,v1
GW240925-C00-Strain.tar,GW240925-C00-Strain/O4b4DiscC00_4KHZ_R1/STRAIN_GWF/V1/1410334720,directory,0,,1410334720,,1410334720
GW240925-C00-Strain.tar,GW240925-C00-Strain/O4b4DiscC00_4KHZ_R1/STRAIN_GWF/V1/1410334720/V-V1_GWOSC_O4b4DiscC00_4KHZ_R1-1411260416-4096.gwf,regular,70765964,,V-V1_GWOSC_O4b4DiscC00_4KHZ_R1-1411260416-4096.gwf,.gwf,v-v1_gwosc_o4b4discc00_4khz_r1-1411260416-4096.gwf
GW240925-C00-Strain.tar,GW240925-C00-Strain/O4b4DiscC00_4KHZ_R1/STRAIN_GWF/L1,directory,0,,L1,,l1
GW240925-C00-Strain.tar,GW240925-C00-Strain/O4b4DiscC00_4KHZ_R1/STRAIN_GWF/L1/1410334720,directory,0,,1410334720,,1410334720
GW240925-C00-Strain.tar,GW240925-C00-Strain/O4b4DiscC00_4KHZ_R1/STRAIN_GWF/L1/1410334720/L-L1_GWOSC_O4b4DiscC00_4KHZ_R1-1411260416-4096.gwf,regular,128709735,,L-L1_GWOSC_O4b4DiscC00_4KHZ_R1-1411260416-4096.gwf,.gwf,l-l1_gwosc_o4b4discc00_4khz_r1-1411260416-4096.gwf
GW240925-C00-Strain.tar,GW240925-C00-Strain/O4b4DiscC00_4KHZ_R1/STRAIN_HDF,directory,0,,STRAIN_HDF,,strain_hdf
GW240925-C00-Strain.tar,GW240925-C00-Strain/O4b4DiscC00_4KHZ_R1/STRAIN_HDF/V1,directory,0,,V1,,v1
GW240925-C00-Strain.tar,GW240925-C00-Strain/O4b4DiscC00_4KHZ_R1/STRAIN_HDF/V1/1410334720,directory,0,,1410334720,,1410334720
GW240925-C00-Strain.tar,GW240925-C00-Strain/O4b4DiscC00_4KHZ_R1/STRAIN_HDF/V1/1410334720/V-V1_GWOSC_O4b4DiscC00_4KHZ_R1-1411260416-4096.hdf5,regular,70508053,,V-V1_GWOSC_O4b4DiscC00_4KHZ_R1-1411260416-4096.hdf5,.hdf5,v-v1_gwosc_o4b4discc00_4khz_r1-1411260416-4096
GW240925-C00-Strain.tar,GW240925-C00-Strain/O4b4DiscC00_4KHZ_R1/STRAIN_HDF/H1,directory,0,,H1,,h1
GW240925-C00-Strain.tar,GW240925-C00-Strain/O4b4DiscC00_4KHZ_R1/STRAIN_HDF/H1/1410334720,directory,0,,1410334720,,1410334720
GW240925-C00-Strain.tar,GW240925-C00-Strain/O4b4DiscC00_4KHZ_R1/STRAIN_HDF/H1/1410334720/H-H1_GWOSC_O4b4DiscC00_4KHZ_R1-1411260416-4096.hdf5,regular,53995910,,H-H1_GWOSC_O4b4DiscC00_4KHZ_R1-1411260416-4096.hdf5,.hdf5,h-h1_gwosc_o4b4discc00_4khz_r1-1411260416-4096
GW240925-C00-Strain.tar,GW240925-C00-Strain/O4b4DiscC00_4KHZ_R1/STRAIN_HDF/L1,directory,0,,L1,,l1
GW240925-C00-Strain.tar,GW240925-C00-Strain/O4b4DiscC00_4KHZ_R1/STRAIN_HDF/L1/1410334720,directory,0,,1410334720,,1410334720
GW240925-C00-Strain.tar,GW240925-C00-Strain/O4b4DiscC00_4KHZ_R1/STRAIN_HDF/L1/1410334720/L-L1_GWOSC_O4b4DiscC00_4KHZ_R1-1411260416-4096.hdf5,regular,128708079,,L-L1_GWOSC_O4b4DiscC00_4KHZ_R1-1411260416-4096.hdf5,.hdf5,l-l1_gwosc_o4b4discc00_4khz_r1-1411260416-4096
GW240925-C00-Strain.tar,GW240925-C00-Strain/O4b4DiscC00_4KHZ_R1/md5,directory,0,,md5,,md5
GW240925-C00-Strain.tar,GW240925-C00-Strain/O4b4DiscC00_4KHZ_R1/md5/strain-gwf.txt,regular,297,,strain-gwf.txt,.txt,strain-gwf.txt
GW240925-C00-Strain.tar,GW240925-C00-Strain/O4b4DiscC00_4KHZ_R1/md5/strain-hdf.txt,regular,300,,strain-hdf.txt,.txt,strain-hdf.txt
