full_path,relative_path,parent,filename,extension,entry_type,size_bytes,size_mb,modified_time,attributes,link_target,link_target_exists,byte_open_ok,byte_open_error,category,notes
E:\clone\ligo-gw240925-gw250207-release\18600070\calibration,calibration,,calibration,,directory,0,0,2026-05-14T11:42:20.319591,,,,,,directory,
E:\clone\ligo-gw240925-gw250207-release\18600070\cal_env,cal_env,,cal_env,,directory,0,0,2026-05-14T11:42:08.516788,,,,,,directory,
E:\clone\ligo-gw240925-gw250207-release\18600070\combined_samples,combined_samples,,combined_samples,,directory,0,0,2026-05-14T11:42:50.983771,,,,,,directory,
E:\clone\ligo-gw240925-gw250207-release\18600070\fti,fti,,fti,,directory,0,0,2026-05-14T11:43:07.265851,,,,,,directory,
E:\clone\ligo-gw240925-gw250207-release\18600070\GW240925-C00-Strain,GW240925-C00-Strain,,GW240925-C00-Strain,,directory,0,0,2026-05-14T11:43:28.026676,,,,,,directory,
E:\clone\ligo-gw240925-gw250207-release\18600070\notebooks,notebooks,,notebooks,,directory,0,0,2026-05-14T11:43:45.662425,,,,,,directory,
E:\clone\ligo-gw240925-gw250207-release\18600070\pca,pca,,pca,,directory,0,0,2026-05-14T11:43:57.995384,,,,,,directory,
E:\clone\ligo-gw240925-gw250207-release\18600070\pseobnr,pseobnr,,pseobnr,,directory,0,0,2026-05-14T11:44:09.361628,,,,,,directory,
E:\clone\ligo-gw240925-gw250207-release\18600070\qnmrf,qnmrf,,qnmrf,,directory,0,0,2026-05-14T11:44:18.743011,,,,,,directory,
E:\clone\ligo-gw240925-gw250207-release\18600070\residuals,residuals,,residuals,,directory,0,0,2026-05-14T11:44:29.042066,,,,,,directory,
E:\clone\ligo-gw240925-gw250207-release\18600070\ringdown,ringdown,,ringdown,,directory,0,0,2026-05-14T11:44:39.340753,,,,,,directory,
E:\clone\ligo-gw240925-gw250207-release\18600070\skymaps,skymaps,,skymaps,,directory,0,0,2026-05-14T11:44:50.664245,,,,,,directory,
E:\clone\ligo-gw240925-gw250207-release\18600070\tiger,tiger,,tiger,,directory,0,0,2026-05-14T11:45:05.133112,,,,,,directory,
E:\clone\ligo-gw240925-gw250207-release\18600070\calibration.tar.gz,calibration.tar.gz,,calibration.tar.gz,.gz,regular_file,484142,0.46,2026-05-14T11:41:07.864264,,,,YES,,archive,
E:\clone\ligo-gw240925-gw250207-release\18600070\cal_env.tar.gz,cal_env.tar.gz,,cal_env.tar.gz,.gz,regular_file,8609,0.01,2026-05-14T11:41:55.932337,,,,YES,,archive,
E:\clone\ligo-gw240925-gw250207-release\18600070\combined_samples.tar.gz,combined_samples.tar.gz,,combined_samples.tar.gz,.gz,regular_file,10251340,9.78,2026-05-14T11:41:19.023687,,,,YES,,archive,
E:\clone\ligo-gw240925-gw250207-release\18600070\fti.tar.gz,fti.tar.gz,,fti.tar.gz,.gz,regular_file,1526,0.0,2026-05-14T11:41:56.730781,,,,YES,,archive,
E:\clone\ligo-gw240925-gw250207-release\18600070\GW240925-C00-Strain.tar,GW240925-C00-Strain.tar,,GW240925-C00-Strain.tar,.tar,regular_file,2532003840,2414.71,2026-05-14T11:41:55.890166,,,,YES,,archive,
E:\clone\ligo-gw240925-gw250207-release\18600070\GW240925_combinedPHM_envcalC01_metafile.hdf5,GW240925_combinedPHM_envcalC01_metafile.hdf5,,GW240925_combinedPHM_envcalC01_metafile.hdf5,.hdf5,regular_file,200078148,190.81,2026-05-14T11:41:58.762924,,,,YES,,HDF5/H5 data,
E:\clone\ligo-gw240925-gw250207-release\18600070\GW250207_combinedPHM_cal_metafile.hdf5,GW250207_combinedPHM_cal_metafile.hdf5,,GW250207_combinedPHM_cal_metafile.hdf5,.hdf5,regular_file,306692287,292.48,2026-05-14T11:41:23.180215,,,,YES,,HDF5/H5 data,
E:\clone\ligo-gw240925-gw250207-release\18600070\notebooks.tar.gz,notebooks.tar.gz,,notebooks.tar.gz,.gz,regular_file,44235,0.04,2026-05-14T11:41:23.210524,,,,YES,,archive,
E:\clone\ligo-gw240925-gw250207-release\18600070\pca.tar.gz,pca.tar.gz,,pca.tar.gz,.gz,regular_file,420807558,401.31,2026-05-14T11:41:28.340133,,,,YES,,archive,
E:\clone\ligo-gw240925-gw250207-release\18600070\pseobnr.tar.gz,pseobnr.tar.gz,,pseobnr.tar.gz,.gz,regular_file,80213161,76.5,2026-05-14T11:41:56.707565,,,,YES,,archive,
E:\clone\ligo-gw240925-gw250207-release\18600070\qnmrf.tar.gz,qnmrf.tar.gz,,qnmrf.tar.gz,.gz,regular_file,3722071,3.55,2026-05-14T11:41:56.809825,,,,YES,,archive,
E:\clone\ligo-gw240925-gw250207-release\18600070\residuals.tar.gz,residuals.tar.gz,,residuals.tar.gz,.gz,regular_file,3053091,2.91,2026-05-14T11:41:56.862971,,,,YES,,archive,
E:\clone\ligo-gw240925-gw250207-release\18600070\ringdown.tar.gz,ringdown.tar.gz,,ringdown.tar.gz,.gz,regular_file,870703200,830.37,2026-05-14T11:41:18.838087,,,,YES,,archive,
E:\clone\ligo-gw240925-gw250207-release\18600070\skymaps.tar.gz,skymaps.tar.gz,,skymaps.tar.gz,.gz,regular_file,1190,0.0,2026-05-14T11:41:56.752834,,,,YES,,archive,
E:\clone\ligo-gw240925-gw250207-release\18600070\tiger.tar.gz,tiger.tar.gz,,tiger.tar.gz,.gz,regular_file,1914,0.0,2026-05-14T11:41:55.912066,,,,YES,,archive,
E:\clone\ligo-gw240925-gw250207-release\18600070\calibration\calibration,calibration\calibration,calibration,calibration,,directory,0,0,2026-05-07T21:40:26,,,,,,directory,
E:\clone\ligo-gw240925-gw250207-release\18600070\calibration\calibration\GW240925_analysis_ready_mon_data.csv,calibration\calibration\GW240925_analysis_ready_mon_data.csv,calibration\calibration,GW240925_analysis_ready_mon_data.csv,.csv,regular_file,1364767,1.3,2026-05-07T21:40:26,,,,YES,,calibration,
E:\clone\ligo-gw240925-gw250207-release\18600070\calibration\calibration\GW250207_zoomin.csv,calibration\calibration\GW250207_zoomin.csv,calibration\calibration,GW250207_zoomin.csv,.csv,regular_file,8886,0.01,2026-05-07T21:40:24,,,,YES,,calibration,
E:\clone\ligo-gw240925-gw250207-release\18600070\calibration\calibration\H1_psd_20240924.dat,calibration\calibration\H1_psd_20240924.dat,calibration\calibration,H1_psd_20240924.dat,.dat,regular_file,650940,0.62,2026-05-07T21:40:25,,,,YES,,calibration,
E:\clone\ligo-gw240925-gw250207-release\18600070\cal_env\cal_env,cal_env\cal_env,cal_env,cal_env,,directory,0,0,2026-05-06T16:54:56,,,,,,directory,
E:\clone\ligo-gw240925-gw250207-release\18600070\cal_env\cal_env\S240925n,cal_env\cal_env\S240925n,cal_env\cal_env,S240925n,,directory,0,0,2026-05-06T16:40:45,,,,,,directory,
E:\clone\ligo-gw240925-gw250207-release\18600070\cal_env\cal_env\calibration_uncertainty_H1_tmp_20.txt,cal_env\cal_env\calibration_uncertainty_H1_tmp_20.txt,cal_env\cal_env,calibration_uncertainty_H1_tmp_20.txt,.txt,regular_file,10647,0.01,2026-05-06T16:40:43,,,,YES,,documentation,
E:\clone\ligo-gw240925-gw250207-release\18600070\cal_env\cal_env\S240925n\C00,cal_env\cal_env\S240925n\C00,cal_env\cal_env\S240925n,C00,,directory,0,0,2026-05-06T16:40:44,,,,,,directory,
E:\clone\ligo-gw240925-gw250207-release\18600070\cal_env\cal_env\S240925n\C01,cal_env\cal_env\S240925n\C01,cal_env\cal_env\S240925n,C01,,directory,0,0,2026-05-06T16:40:45,,,,,,directory,
E:\clone\ligo-gw240925-gw250207-release\18600070\cal_env\cal_env\S240925n\C00\calibration_uncertainty_H1_1411261218.txt,cal_env\cal_env\S240925n\C00\calibration_uncertainty_H1_1411261218.txt,cal_env\cal_env\S240925n\C00,calibration_uncertainty_H1_1411261218.txt,.txt,regular_file,10647,0.01,2026-05-06T16:40:44,,,,YES,,documentation,
E:\clone\ligo-gw240925-gw250207-release\18600070\cal_env\cal_env\S240925n\C01\calibration_uncertainty_H1_1411261218.txt,cal_env\cal_env\S240925n\C01\calibration_uncertainty_H1_1411261218.txt,cal_env\cal_env\S240925n\C01,calibration_uncertainty_H1_1411261218.txt,.txt,regular_file,10647,0.01,2026-05-06T16:40:45,,,,YES,,documentation,
E:\clone\ligo-gw240925-gw250207-release\18600070\combined_samples\combined_samples,combined_samples\combined_samples,combined_samples,combined_samples,,directory,0,0,2026-04-30T18:33:39,,,,,,directory,
E:\clone\ligo-gw240925-gw250207-release\18600070\combined_samples\combined_samples\S240925n,combined_samples\combined_samples\S240925n,combined_samples\combined_samples,S240925n,,directory,0,0,2026-05-07T14:25:08,,,,,,directory,
E:\clone\ligo-gw240925-gw250207-release\18600070\combined_samples\combined_samples\S250207bg,combined_samples\combined_samples\S250207bg,combined_samples\combined_samples,S250207bg,,directory,0,0,2026-04-30T18:36:10,,,,,,directory,
E:\clone\ligo-gw240925-gw250207-release\18600070\combined_samples\combined_samples\S240925n\combinedPHM_envcalC00_metafile.hdf5,combined_samples\combined_samples\S240925n\combinedPHM_envcalC00_metafile.hdf5,combined_samples\combined_samples\S240925n,combinedPHM_envcalC00_metafile.hdf5,.hdf5,symlink,-1,-1,,,\home\sylvia.biscoveanu\gw240925_and_gw250207\data\combined_samples\S240925n\combinedPHM_envcalC00_metafile.hdf5,False,,,HDF5/H5 data,
E:\clone\ligo-gw240925-gw250207-release\18600070\combined_samples\combined_samples\S240925n\combinedPHM_envcalC01_metafile.hdf5,combined_samples\combined_samples\S240925n\combinedPHM_envcalC01_metafile.hdf5,combined_samples\combined_samples\S240925n,combinedPHM_envcalC01_metafile.hdf5,.hdf5,symlink,-1,-1,,,\home\sylvia.biscoveanu\gw240925_and_gw250207\data\combined_samples\S240925n\combinedPHM_envcalC01_metafile.hdf5,False,,,HDF5/H5 data,
E:\clone\ligo-gw240925-gw250207-release\18600070\combined_samples\combined_samples\S240925n\combinedPHM_flatcalC00_metafile.hdf5,combined_samples\combined_samples\S240925n\combinedPHM_flatcalC00_metafile.hdf5,combined_samples\combined_samples\S240925n,combinedPHM_flatcalC00_metafile.hdf5,.hdf5,symlink,-1,-1,,,\home\sylvia.biscoveanu\gw240925_and_gw250207\data\combined_samples\S240925n\combinedPHM_flatcalC00_metafile.hdf5,False,,,HDF5/H5 data,
E:\clone\ligo-gw240925-gw250207-release\18600070\combined_samples\combined_samples\S240925n\combinedPHM_nocalC00_metafile.hdf5,combined_samples\combined_samples\S240925n\combinedPHM_nocalC00_metafile.hdf5,combined_samples\combined_samples\S240925n,combinedPHM_nocalC00_metafile.hdf5,.hdf5,symlink,-1,-1,,,\home\sylvia.biscoveanu\gw240925_and_gw250207\data\combined_samples\S240925n\combinedPHM_nocalC00_metafile.hdf5,False,,,HDF5/H5 data,
E:\clone\ligo-gw240925-gw250207-release\18600070\combined_samples\combined_samples\S240925n\online_posterior_samples.h5,combined_samples\combined_samples\S240925n\online_posterior_samples.h5,combined_samples\combined_samples\S240925n,online_posterior_samples.h5,.h5,regular_file,13503280,12.88,2026-05-06T11:06:52,,,,YES,,HDF5/H5 data,
E:\clone\ligo-gw240925-gw250207-release\18600070\combined_samples\combined_samples\S250207bg\combinedPHM_cal_metafile.hdf5,combined_samples\combined_samples\S250207bg\combinedPHM_cal_metafile.hdf5,combined_samples\combined_samples\S250207bg,combinedPHM_cal_metafile.hdf5,.hdf5,symlink,-1,-1,,,\home\sylvia.biscoveanu\gw240925_and_gw250207\data\combined_samples\S250207bg\combinedPHM_cal_metafile.hdf5,False,,,HDF5/H5 data,
E:\clone\ligo-gw240925-gw250207-release\18600070\combined_samples\combined_samples\S250207bg\combinedPHM_H1cal_metafile.hdf5,combined_samples\combined_samples\S250207bg\combinedPHM_H1cal_metafile.hdf5,combined_samples\combined_samples\S250207bg,combinedPHM_H1cal_metafile.hdf5,.hdf5,symlink,-1,-1,,,\home\sylvia.biscoveanu\gw240925_and_gw250207\data\combined_samples\S250207bg\combinedPHM_H1cal_metafile.hdf5,False,,,HDF5/H5 data,
E:\clone\ligo-gw240925-gw250207-release\18600070\combined_samples\combined_samples\S250207bg\combinedPHM_nocal_metafile.hdf5,combined_samples\combined_samples\S250207bg\combinedPHM_nocal_metafile.hdf5,combined_samples\combined_samples\S250207bg,combinedPHM_nocal_metafile.hdf5,.hdf5,symlink,-1,-1,,,\home\sylvia.biscoveanu\gw240925_and_gw250207\data\combined_samples\S250207bg\combinedPHM_nocal_metafile.hdf5,False,,,HDF5/H5 data,
E:\clone\ligo-gw240925-gw250207-release\18600070\fti\fti,fti\fti,fti,fti,,directory,0,0,2026-02-11T10:47:49,,,,,,directory,
E:\clone\ligo-gw240925-gw250207-release\18600070\fti\fti\S240925n_correct_cal,fti\fti\S240925n_correct_cal,fti\fti,S240925n_correct_cal,,directory,0,0,2026-02-11T10:47:49,,,,,,directory,
E:\clone\ligo-gw240925-gw250207-release\18600070\fti\fti\S240925n_no_cal,fti\fti\S240925n_no_cal,fti\fti,S240925n_no_cal,,directory,0,0,2026-02-11T10:47:49,,,,,,directory,
E:\clone\ligo-gw240925-gw250207-release\18600070\fti\fti\S240925n_wide_cal,fti\fti\S240925n_wide_cal,fti\fti,S240925n_wide_cal,,directory,0,0,2026-02-11T10:47:49,,,,,,directory,
E:\clone\ligo-gw240925-gw250207-release\18600070\fti\fti\S250207bg_no_cal,fti\fti\S250207bg_no_cal,fti\fti,S250207bg_no_cal,,directory,0,0,2026-02-11T10:47:49,,,,,,directory,
E:\clone\ligo-gw240925-gw250207-release\18600070\fti\fti\S250207bg_wide_cal,fti\fti\S250207bg_wide_cal,fti\fti,S250207bg_wide_cal,,directory,0,0,2026-02-11T10:47:49,,,,,,directory,
E:\clone\ligo-gw240925-gw250207-release\18600070\fti\fti\S240925n_correct_cal\fti_dchi0.h5,fti\fti\S240925n_correct_cal\fti_dchi0.h5,fti\fti\S240925n_correct_cal,fti_dchi0.h5,.h5,symlink,-1,-1,,,\home\tgr.o4\GW240925_GW250207\FTI\asimov\results\S240925n_correct_cal\fti_dchi0-1\posterior_samples.h5,False,,,HDF5/H5 data,
E:\clone\ligo-gw240925-gw250207-release\18600070\fti\fti\S240925n_correct_cal\fti_dchi1.h5,fti\fti\S240925n_correct_cal\fti_dchi1.h5,fti\fti\S240925n_correct_cal,fti_dchi1.h5,.h5,symlink,-1,-1,,,\home\tgr.o4\GW240925_GW250207\FTI\asimov\results\S240925n_correct_cal\fti_dchi1\posterior_samples.h5,False,,,HDF5/H5 data,
E:\clone\ligo-gw240925-gw250207-release\18600070\fti\fti\S240925n_correct_cal\fti_dchi2.h5,fti\fti\S240925n_correct_cal\fti_dchi2.h5,fti\fti\S240925n_correct_cal,fti_dchi2.h5,.h5,symlink,-1,-1,,,\home\tgr.o4\GW240925_GW250207\FTI\asimov\results\S240925n_correct_cal\fti_dchi2\posterior_samples.h5,False,,,HDF5/H5 data,
E:\clone\ligo-gw240925-gw250207-release\18600070\fti\fti\S240925n_correct_cal\fti_dchi3NS.h5,fti\fti\S240925n_correct_cal\fti_dchi3NS.h5,fti\fti\S240925n_correct_cal,fti_dchi3NS.h5,.h5,symlink,-1,-1,,,\home\tgr.o4\GW240925_GW250207\FTI\asimov\results\S240925n_correct_cal\fti_dchi3NS\posterior_samples.h5,False,,,HDF5/H5 data,
E:\clone\ligo-gw240925-gw250207-release\18600070\fti\fti\S240925n_correct_cal\fti_dchi4NS.h5,fti\fti\S240925n_correct_cal\fti_dchi4NS.h5,fti\fti\S240925n_correct_cal,fti_dchi4NS.h5,.h5,symlink,-1,-1,,,\home\tgr.o4\GW240925_GW250207\FTI\asimov\results\S240925n_correct_cal\fti_dchi4NS\posterior_samples.h5,False,,,HDF5/H5 data,
E:\clone\ligo-gw240925-gw250207-release\18600070\fti\fti\S240925n_correct_cal\fti_dchi5lNS.h5,fti\fti\S240925n_correct_cal\fti_dchi5lNS.h5,fti\fti\S240925n_correct_cal,fti_dchi5lNS.h5,.h5,symlink,-1,-1,,,\home\tgr.o4\GW240925_GW250207\FTI\asimov\results\S240925n_correct_cal\fti_dchi5lNS\posterior_samples.h5,False,,,HDF5/H5 data,
E:\clone\ligo-gw240925-gw250207-release\18600070\fti\fti\S240925n_correct_cal\fti_dchi6l.h5,fti\fti\S240925n_correct_cal\fti_dchi6l.h5,fti\fti\S240925n_correct_cal,fti_dchi6l.h5,.h5,symlink,-1,-1,,,\home\tgr.o4\GW240925_GW250207\FTI\asimov\results\S240925n_correct_cal\fti_dchi6l\posterior_samples.h5,False,,,HDF5/H5 data,
E:\clone\ligo-gw240925-gw250207-release\18600070\fti\fti\S240925n_correct_cal\fti_dchi6NS.h5,fti\fti\S240925n_correct_cal\fti_dchi6NS.h5,fti\fti\S240925n_correct_cal,fti_dchi6NS.h5,.h5,symlink,-1,-1,,,\home\tgr.o4\GW240925_GW250207\FTI\asimov\results\S240925n_correct_cal\fti_dchi6NS\posterior_samples.h5,False,,,HDF5/H5 data,
E:\clone\ligo-gw240925-gw250207-release\18600070\fti\fti\S240925n_correct_cal\fti_dchi7NS.h5,fti\fti\S240925n_correct_cal\fti_dchi7NS.h5,fti\fti\S240925n_correct_cal,fti_dchi7NS.h5,.h5,symlink,-1,-1,,,\home\tgr.o4\GW240925_GW250207\FTI\asimov\results\S240925n_correct_cal\fti_dchi7NS\posterior_samples.h5,False,,,HDF5/H5 data,
E:\clone\ligo-gw240925-gw250207-release\18600070\fti\fti\S240925n_correct_cal\fti_dchiMinus2.h5,fti\fti\S240925n_correct_cal\fti_dchiMinus2.h5,fti\fti\S240925n_correct_cal,fti_dchiMinus2.h5,.h5,symlink,-1,-1,,,\home\tgr.o4\GW240925_GW250207\FTI\asimov\results\S240925n_correct_cal\fti_dchiMinus2\posterior_samples.h5,False,,,HDF5/H5 data,
E:\clone\ligo-gw240925-gw250207-release\18600070\fti\fti\S240925n_no_cal\fti_dchi0.h5,fti\fti\S240925n_no_cal\fti_dchi0.h5,fti\fti\S240925n_no_cal,fti_dchi0.h5,.h5,symlink,-1,-1,,,\home\tgr.o4\GW240925_GW250207\FTI\asimov\results\S240925n_no_cal\fti_dchi0-1\posterior_samples.h5,False,,,HDF5/H5 data,
E:\clone\ligo-gw240925-gw250207-release\18600070\fti\fti\S240925n_no_cal\fti_dchi1.h5,fti\fti\S240925n_no_cal\fti_dchi1.h5,fti\fti\S240925n_no_cal,fti_dchi1.h5,.h5,symlink,-1,-1,,,\home\tgr.o4\GW240925_GW250207\FTI\asimov\results\S240925n_no_cal\fti_dchi1\posterior_samples.h5,False,,,HDF5/H5 data,
E:\clone\ligo-gw240925-gw250207-release\18600070\fti\fti\S240925n_no_cal\fti_dchi2.h5,fti\fti\S240925n_no_cal\fti_dchi2.h5,fti\fti\S240925n_no_cal,fti_dchi2.h5,.h5,symlink,-1,-1,,,\home\tgr.o4\GW240925_GW250207\FTI\asimov\results\S240925n_no_cal\fti_dchi2\posterior_samples.h5,False,,,HDF5/H5 data,
E:\clone\ligo-gw240925-gw250207-release\18600070\fti\fti\S240925n_no_cal\fti_dchi3NS.h5,fti\fti\S240925n_no_cal\fti_dchi3NS.h5,fti\fti\S240925n_no_cal,fti_dchi3NS.h5,.h5,symlink,-1,-1,,,\home\tgr.o4\GW240925_GW250207\FTI\asimov\results\S240925n_no_cal\fti_dchi3NS\posterior_samples.h5,False,,,HDF5/H5 data,
E:\clone\ligo-gw240925-gw250207-release\18600070\fti\fti\S240925n_no_cal\fti_dchi4NS.h5,fti\fti\S240925n_no_cal\fti_dchi4NS.h5,fti\fti\S240925n_no_cal,fti_dchi4NS.h5,.h5,symlink,-1,-1,,,\home\tgr.o4\GW240925_GW250207\FTI\asimov\results\S240925n_no_cal\fti_dchi4NS\posterior_samples.h5,False,,,HDF5/H5 data,
E:\clone\ligo-gw240925-gw250207-release\18600070\fti\fti\S240925n_no_cal\fti_dchi5lNS.h5,fti\fti\S240925n_no_cal\fti_dchi5lNS.h5,fti\fti\S240925n_no_cal,fti_dchi5lNS.h5,.h5,symlink,-1,-1,,,\home\tgr.o4\GW240925_GW250207\FTI\asimov\results\S240925n_no_cal\fti_dchi5lNS\posterior_samples.h5,False,,,HDF5/H5 data,
E:\clone\ligo-gw240925-gw250207-release\18600070\fti\fti\S240925n_no_cal\fti_dchi6l.h5,fti\fti\S240925n_no_cal\fti_dchi6l.h5,fti\fti\S240925n_no_cal,fti_dchi6l.h5,.h5,symlink,-1,-1,,,\home\tgr.o4\GW240925_GW250207\FTI\asimov\results\S240925n_no_cal\fti_dchi6l\posterior_samples.h5,False,,,HDF5/H5 data,
E:\clone\ligo-gw240925-gw250207-release\18600070\fti\fti\S240925n_no_cal\fti_dchi6NS.h5,fti\fti\S240925n_no_cal\fti_dchi6NS.h5,fti\fti\S240925n_no_cal,fti_dchi6NS.h5,.h5,symlink,-1,-1,,,\home\tgr.o4\GW240925_GW250207\FTI\asimov\results\S240925n_no_cal\fti_dchi6NS\posterior_samples.h5,False,,,HDF5/H5 data,
E:\clone\ligo-gw240925-gw250207-release\18600070\fti\fti\S240925n_no_cal\fti_dchi7NS.h5,fti\fti\S240925n_no_cal\fti_dchi7NS.h5,fti\fti\S240925n_no_cal,fti_dchi7NS.h5,.h5,symlink,-1,-1,,,\home\tgr.o4\GW240925_GW250207\FTI\asimov\results\S240925n_no_cal\fti_dchi7NS\posterior_samples.h5,False,,,HDF5/H5 data,
E:\clone\ligo-gw240925-gw250207-release\18600070\fti\fti\S240925n_no_cal\fti_dchiMinus2.h5,fti\fti\S240925n_no_cal\fti_dchiMinus2.h5,fti\fti\S240925n_no_cal,fti_dchiMinus2.h5,.h5,symlink,-1,-1,,,\home\tgr.o4\GW240925_GW250207\FTI\asimov\results\S240925n_no_cal\fti_dchiMinus2\posterior_samples.h5,False,,,HDF5/H5 data,
E:\clone\ligo-gw240925-gw250207-release\18600070\fti\fti\S240925n_wide_cal\fti_dchi0.h5,fti\fti\S240925n_wide_cal\fti_dchi0.h5,fti\fti\S240925n_wide_cal,fti_dchi0.h5,.h5,symlink,-1,-1,,,\home\tgr.o4\GW240925_GW250207\FTI\asimov\results\S240925n_wide_cal\fti_dchi0-1\posterior_samples.h5,False,,,HDF5/H5 data,
E:\clone\ligo-gw240925-gw250207-release\18600070\fti\fti\S240925n_wide_cal\fti_dchi1.h5,fti\fti\S240925n_wide_cal\fti_dchi1.h5,fti\fti\S240925n_wide_cal,fti_dchi1.h5,.h5,symlink,-1,-1,,,\home\tgr.o4\GW240925_GW250207\FTI\asimov\results\S240925n_wide_cal\fti_dchi1\posterior_samples.h5,False,,,HDF5/H5 data,
E:\clone\ligo-gw240925-gw250207-release\18600070\fti\fti\S240925n_wide_cal\fti_dchi2.h5,fti\fti\S240925n_wide_cal\fti_dchi2.h5,fti\fti\S240925n_wide_cal,fti_dchi2.h5,.h5,symlink,-1,-1,,,\home\tgr.o4\GW240925_GW250207\FTI\asimov\results\S240925n_wide_cal\fti_dchi2\posterior_samples.h5,False,,,HDF5/H5 data,
E:\clone\ligo-gw240925-gw250207-release\18600070\fti\fti\S240925n_wide_cal\fti_dchi3NS.h5,fti\fti\S240925n_wide_cal\fti_dchi3NS.h5,fti\fti\S240925n_wide_cal,fti_dchi3NS.h5,.h5,symlink,-1,-1,,,\home\tgr.o4\GW240925_GW250207\FTI\asimov\results\S240925n_wide_cal\fti_dchi3NS\posterior_samples.h5,False,,,HDF5/H5 data,
E:\clone\ligo-gw240925-gw250207-release\18600070\fti\fti\S240925n_wide_cal\fti_dchi4NS.h5,fti\fti\S240925n_wide_cal\fti_dchi4NS.h5,fti\fti\S240925n_wide_cal,fti_dchi4NS.h5,.h5,symlink,-1,-1,,,\home\tgr.o4\GW240925_GW250207\FTI\asimov\results\S240925n_wide_cal\fti_dchi4NS\posterior_samples.h5,False,,,HDF5/H5 data,
E:\clone\ligo-gw240925-gw250207-release\18600070\fti\fti\S240925n_wide_cal\fti_dchi5lNS.h5,fti\fti\S240925n_wide_cal\fti_dchi5lNS.h5,fti\fti\S240925n_wide_cal,fti_dchi5lNS.h5,.h5,symlink,-1,-1,,,\home\tgr.o4\GW240925_GW250207\FTI\asimov\results\S240925n_wide_cal\fti_dchi5lNS\posterior_samples.h5,False,,,HDF5/H5 data,
E:\clone\ligo-gw240925-gw250207-release\18600070\fti\fti\S240925n_wide_cal\fti_dchi6l.h5,fti\fti\S240925n_wide_cal\fti_dchi6l.h5,fti\fti\S240925n_wide_cal,fti_dchi6l.h5,.h5,symlink,-1,-1,,,\home\tgr.o4\GW240925_GW250207\FTI\asimov\results\S240925n_wide_cal\fti_dchi6l\posterior_samples.h5,False,,,HDF5/H5 data,
E:\clone\ligo-gw240925-gw250207-release\18600070\fti\fti\S240925n_wide_cal\fti_dchi6NS.h5,fti\fti\S240925n_wide_cal\fti_dchi6NS.h5,fti\fti\S240925n_wide_cal,fti_dchi6NS.h5,.h5,symlink,-1,-1,,,\home\tgr.o4\GW240925_GW250207\FTI\asimov\results\S240925n_wide_cal\fti_dchi6NS\posterior_samples.h5,False,,,HDF5/H5 data,
E:\clone\ligo-gw240925-gw250207-release\18600070\fti\fti\S240925n_wide_cal\fti_dchi7NS.h5,fti\fti\S240925n_wide_cal\fti_dchi7NS.h5,fti\fti\S240925n_wide_cal,fti_dchi7NS.h5,.h5,symlink,-1,-1,,,\home\tgr.o4\GW240925_GW250207\FTI\asimov\results\S240925n_wide_cal\fti_dchi7NS\posterior_samples.h5,False,,,HDF5/H5 data,
E:\clone\ligo-gw240925-gw250207-release\18600070\fti\fti\S240925n_wide_cal\fti_dchiMinus2.h5,fti\fti\S240925n_wide_cal\fti_dchiMinus2.h5,fti\fti\S240925n_wide_cal,fti_dchiMinus2.h5,.h5,symlink,-1,-1,,,\home\tgr.o4\GW240925_GW250207\FTI\asimov\results\S240925n_wide_cal\fti_dchiMinus2\posterior_samples.h5,False,,,HDF5/H5 data,
E:\clone\ligo-gw240925-gw250207-release\18600070\fti\fti\S250207bg_no_cal\fti_dchi0.h5,fti\fti\S250207bg_no_cal\fti_dchi0.h5,fti\fti\S250207bg_no_cal,fti_dchi0.h5,.h5,symlink,-1,-1,,,\home\tgr.o4\GW240925_GW250207\FTI\asimov\results\S250207bg_no_cal\fti_dchi0\posterior_samples.h5,False,,,HDF5/H5 data,
E:\clone\ligo-gw240925-gw250207-release\18600070\fti\fti\S250207bg_no_cal\fti_dchi1.h5,fti\fti\S250207bg_no_cal\fti_dchi1.h5,fti\fti\S250207bg_no_cal,fti_dchi1.h5,.h5,symlink,-1,-1,,,\home\tgr.o4\GW240925_GW250207\FTI\asimov\results\S250207bg_no_cal\fti_dchi1\posterior_samples.h5,False,,,HDF5/H5 data,
E:\clone\ligo-gw240925-gw250207-release\18600070\fti\fti\S250207bg_no_cal\fti_dchi2.h5,fti\fti\S250207bg_no_cal\fti_dchi2.h5,fti\fti\S250207bg_no_cal,fti_dchi2.h5,.h5,symlink,-1,-1,,,\home\tgr.o4\GW240925_GW250207\FTI\asimov\results\S250207bg_no_cal\fti_dchi2\posterior_samples.h5,False,,,HDF5/H5 data,
E:\clone\ligo-gw240925-gw250207-release\18600070\fti\fti\S250207bg_no_cal\fti_dchi3NS.h5,fti\fti\S250207bg_no_cal\fti_dchi3NS.h5,fti\fti\S250207bg_no_cal,fti_dchi3NS.h5,.h5,symlink,-1,-1,,,\home\tgr.o4\GW240925_GW250207\FTI\asimov\results\S250207bg_no_cal\fti_dchi3NS\posterior_samples.h5,False,,,HDF5/H5 data,
E:\clone\ligo-gw240925-gw250207-release\18600070\fti\fti\S250207bg_no_cal\fti_dchi4NS.h5,fti\fti\S250207bg_no_cal\fti_dchi4NS.h5,fti\fti\S250207bg_no_cal,fti_dchi4NS.h5,.h5,symlink,-1,-1,,,\home\tgr.o4\GW240925_GW250207\FTI\asimov\results\S250207bg_no_cal\fti_dchi4NS\posterior_samples.h5,False,,,HDF5/H5 data,
E:\clone\ligo-gw240925-gw250207-release\18600070\fti\fti\S250207bg_no_cal\fti_dchi5lNS.h5,fti\fti\S250207bg_no_cal\fti_dchi5lNS.h5,fti\fti\S250207bg_no_cal,fti_dchi5lNS.h5,.h5,symlink,-1,-1,,,\home\tgr.o4\GW240925_GW250207\FTI\asimov\results\S250207bg_no_cal\fti_dchi5lNS\posterior_samples.h5,False,,,HDF5/H5 data,
E:\clone\ligo-gw240925-gw250207-release\18600070\fti\fti\S250207bg_no_cal\fti_dchi6l.h5,fti\fti\S250207bg_no_cal\fti_dchi6l.h5,fti\fti\S250207bg_no_cal,fti_dchi6l.h5,.h5,symlink,-1,-1,,,\home\tgr.o4\GW240925_GW250207\FTI\asimov\results\S250207bg_no_cal\fti_dchi6l\posterior_samples.h5,False,,,HDF5/H5 data,
E:\clone\ligo-gw240925-gw250207-release\18600070\fti\fti\S250207bg_no_cal\fti_dchi6NS.h5,fti\fti\S250207bg_no_cal\fti_dchi6NS.h5,fti\fti\S250207bg_no_cal,fti_dchi6NS.h5,.h5,symlink,-1,-1,,,\home\tgr.o4\GW240925_GW250207\FTI\asimov\results\S250207bg_no_cal\fti_dchi6NS\posterior_samples.h5,False,,,HDF5/H5 data,
E:\clone\ligo-gw240925-gw250207-release\18600070\fti\fti\S250207bg_no_cal\fti_dchi7NS.h5,fti\fti\S250207bg_no_cal\fti_dchi7NS.h5,fti\fti\S250207bg_no_cal,fti_dchi7NS.h5,.h5,symlink,-1,-1,,,\home\tgr.o4\GW240925_GW250207\FTI\asimov\results\S250207bg_no_cal\fti_dchi7NS\posterior_samples.h5,False,,,HDF5/H5 data,
E:\clone\ligo-gw240925-gw250207-release\18600070\fti\fti\S250207bg_no_cal\fti_dchiMinus2.h5,fti\fti\S250207bg_no_cal\fti_dchiMinus2.h5,fti\fti\S250207bg_no_cal,fti_dchiMinus2.h5,.h5,symlink,-1,-1,,,\home\tgr.o4\GW240925_GW250207\FTI\asimov\results\S250207bg_no_cal\fti_dchiMinus2\posterior_samples.h5,False,,,HDF5/H5 data,
E:\clone\ligo-gw240925-gw250207-release\18600070\fti\fti\S250207bg_wide_cal\fti_dchi0.h5,fti\fti\S250207bg_wide_cal\fti_dchi0.h5,fti\fti\S250207bg_wide_cal,fti_dchi0.h5,.h5,symlink,-1,-1,,,\home\tgr.o4\GW240925_GW250207\FTI\asimov\results\S250207bg_wide_cal\fti_dchi0\posterior_samples.h5,False,,,HDF5/H5 data,
E:\clone\ligo-gw240925-gw250207-release\18600070\fti\fti\S250207bg_wide_cal\fti_dchi1.h5,fti\fti\S250207bg_wide_cal\fti_dchi1.h5,fti\fti\S250207bg_wide_cal,fti_dchi1.h5,.h5,symlink,-1,-1,,,\home\tgr.o4\GW240925_GW250207\FTI\asimov\results\S250207bg_wide_cal\fti_dchi1\posterior_samples.h5,False,,,HDF5/H5 data,
E:\clone\ligo-gw240925-gw250207-release\18600070\fti\fti\S250207bg_wide_cal\fti_dchi2.h5,fti\fti\S250207bg_wide_cal\fti_dchi2.h5,fti\fti\S250207bg_wide_cal,fti_dchi2.h5,.h5,symlink,-1,-1,,,\home\tgr.o4\GW240925_GW250207\FTI\asimov\results\S250207bg_wide_cal\fti_dchi2\posterior_samples.h5,False,,,HDF5/H5 data,
E:\clone\ligo-gw240925-gw250207-release\18600070\fti\fti\S250207bg_wide_cal\fti_dchi3NS.h5,fti\fti\S250207bg_wide_cal\fti_dchi3NS.h5,fti\fti\S250207bg_wide_cal,fti_dchi3NS.h5,.h5,symlink,-1,-1,,,\home\tgr.o4\GW240925_GW250207\FTI\asimov\results\S250207bg_wide_cal\fti_dchi3NS\posterior_samples.h5,False,,,HDF5/H5 data,
E:\clone\ligo-gw240925-gw250207-release\18600070\fti\fti\S250207bg_wide_cal\fti_dchi4NS.h5,fti\fti\S250207bg_wide_cal\fti_dchi4NS.h5,fti\fti\S250207bg_wide_cal,fti_dchi4NS.h5,.h5,symlink,-1,-1,,,\home\tgr.o4\GW240925_GW250207\FTI\asimov\results\S250207bg_wide_cal\fti_dchi4NS\posterior_samples.h5,False,,,HDF5/H5 data,
E:\clone\ligo-gw240925-gw250207-release\18600070\fti\fti\S250207bg_wide_cal\fti_dchi5lNS.h5,fti\fti\S250207bg_wide_cal\fti_dchi5lNS.h5,fti\fti\S250207bg_wide_cal,fti_dchi5lNS.h5,.h5,symlink,-1,-1,,,\home\tgr.o4\GW240925_GW250207\FTI\asimov\results\S250207bg_wide_cal\fti_dchi5lNS\posterior_samples.h5,False,,,HDF5/H5 data,
E:\clone\ligo-gw240925-gw250207-release\18600070\fti\fti\S250207bg_wide_cal\fti_dchi6l.h5,fti\fti\S250207bg_wide_cal\fti_dchi6l.h5,fti\fti\S250207bg_wide_cal,fti_dchi6l.h5,.h5,symlink,-1,-1,,,\home\tgr.o4\GW240925_GW250207\FTI\asimov\results\S250207bg_wide_cal\fti_dchi6l\posterior_samples.h5,False,,,HDF5/H5 data,
E:\clone\ligo-gw240925-gw250207-release\18600070\fti\fti\S250207bg_wide_cal\fti_dchi6NS.h5,fti\fti\S250207bg_wide_cal\fti_dchi6NS.h5,fti\fti\S250207bg_wide_cal,fti_dchi6NS.h5,.h5,symlink,-1,-1,,,\home\tgr.o4\GW240925_GW250207\FTI\asimov\results\S250207bg_wide_cal\fti_dchi6NS\posterior_samples.h5,False,,,HDF5/H5 data,
E:\clone\ligo-gw240925-gw250207-release\18600070\fti\fti\S250207bg_wide_cal\fti_dchi7NS.h5,fti\fti\S250207bg_wide_cal\fti_dchi7NS.h5,fti\fti\S250207bg_wide_cal,fti_dchi7NS.h5,.h5,symlink,-1,-1,,,\home\tgr.o4\GW240925_GW250207\FTI\asimov\results\S250207bg_wide_cal\fti_dchi7NS\posterior_samples.h5,False,,,HDF5/H5 data,
E:\clone\ligo-gw240925-gw250207-release\18600070\fti\fti\S250207bg_wide_cal\fti_dchiMinus2.h5,fti\fti\S250207bg_wide_cal\fti_dchiMinus2.h5,fti\fti\S250207bg_wide_cal,fti_dchiMinus2.h5,.h5,symlink,-1,-1,,,\home\tgr.o4\GW240925_GW250207\FTI\asimov\results\S250207bg_wide_cal\fti_dchiMinus2\posterior_samples.h5,False,,,HDF5/H5 data,
E:\clone\ligo-gw240925-gw250207-release\18600070\GW240925-C00-Strain\GW240925-C00-Strain,GW240925-C00-Strain\GW240925-C00-Strain,GW240925-C00-Strain,GW240925-C00-Strain,,directory,0,0,2026-01-26T21:42:44,,,,,,directory,
E:\clone\ligo-gw240925-gw250207-release\18600070\GW240925-C00-Strain\GW240925-C00-Strain\O4b4DiscC00_16KHZ_R1,GW240925-C00-Strain\GW240925-C00-Strain\O4b4DiscC00_16KHZ_R1,GW240925-C00-Strain\GW240925-C00-Strain,O4b4DiscC00_16KHZ_R1,,directory,0,0,2026-01-26T21:42:28,,,,,,directory,
E:\clone\ligo-gw240925-gw250207-release\18600070\GW240925-C00-Strain\GW240925-C00-Strain\O4b4DiscC00_4KHZ_R1,GW240925-C00-Strain\GW240925-C00-Strain\O4b4DiscC00_4KHZ_R1,GW240925-C00-Strain\GW240925-C00-Strain,O4b4DiscC00_4KHZ_R1,,directory,0,0,2026-01-26T21:42:46,,,,,,directory,
E:\clone\ligo-gw240925-gw250207-release\18600070\GW240925-C00-Strain\GW240925-C00-Strain\O4b4DiscC00_16KHZ_R1\md5,GW240925-C00-Strain\GW240925-C00-Strain\O4b4DiscC00_16KHZ_R1\md5,GW240925-C00-Strain\GW240925-C00-Strain\O4b4DiscC00_16KHZ_R1,md5,,directory,0,0,2026-01-26T21:42:20,,,,,,directory,
E:\clone\ligo-gw240925-gw250207-release\18600070\GW240925-C00-Strain\GW240925-C00-Strain\O4b4DiscC00_16KHZ_R1\STRAIN_GWF,GW240925-C00-Strain\GW240925-C00-Strain\O4b4DiscC00_16KHZ_R1\STRAIN_GWF,GW240925-C00-Strain\GW240925-C00-Strain\O4b4DiscC00_16KHZ_R1,STRAIN_GWF,,directory,0,0,2026-01-26T21:42:25,,,,,,directory,
E:\clone\ligo-gw240925-gw250207-release\18600070\GW240925-C00-Strain\GW240925-C00-Strain\O4b4DiscC00_16KHZ_R1\STRAIN_HDF,GW240925-C00-Strain\GW240925-C00-Strain\O4b4DiscC00_16KHZ_R1\STRAIN_HDF,GW240925-C00-Strain\GW240925-C00-Strain\O4b4DiscC00_16KHZ_R1,STRAIN_HDF,,directory,0,0,2026-01-26T21:42:32,,,,,,directory,
E:\clone\ligo-gw240925-gw250207-release\18600070\GW240925-C00-Strain\GW240925-C00-Strain\O4b4DiscC00_16KHZ_R1\md5\strain-gwf.txt,GW240925-C00-Strain\GW240925-C00-Strain\O4b4DiscC00_16KHZ_R1\md5\strain-gwf.txt,GW240925-C00-Strain\GW240925-C00-Strain\O4b4DiscC00_16KHZ_R1\md5,strain-gwf.txt,.txt,regular_file,300,0.0,2026-01-26T21:42:20,,,,YES,,documentation,
E:\clone\ligo-gw240925-gw250207-release\18600070\GW240925-C00-Strain\GW240925-C00-Strain\O4b4DiscC00_16KHZ_R1\md5\strain-hdf.txt,GW240925-C00-Strain\GW240925-C00-Strain\O4b4DiscC00_16KHZ_R1\md5\strain-hdf.txt,GW240925-C00-Strain\GW240925-C00-Strain\O4b4DiscC00_16KHZ_R1\md5,strain-hdf.txt,.txt,regular_file,303,0.0,2026-01-26T21:42:20,,,,YES,,documentation,
E:\clone\ligo-gw240925-gw250207-release\18600070\GW240925-C00-Strain\GW240925-C00-Strain\O4b4DiscC00_16KHZ_R1\STRAIN_GWF\H1,GW240925-C00-Strain\GW240925-C00-Strain\O4b4DiscC00_16KHZ_R1\STRAIN_GWF\H1,GW240925-C00-Strain\GW240925-C00-Strain\O4b4DiscC00_16KHZ_R1\STRAIN_GWF,H1,,directory,0,0,2026-01-26T21:42:20,,,,,,directory,
E:\clone\ligo-gw240925-gw250207-release\18600070\GW240925-C00-Strain\GW240925-C00-Strain\O4b4DiscC00_16KHZ_R1\STRAIN_GWF\L1,GW240925-C00-Strain\GW240925-C00-Strain\O4b4DiscC00_16KHZ_R1\STRAIN_GWF\L1,GW240925-C00-Strain\GW240925-C00-Strain\O4b4DiscC00_16KHZ_R1\STRAIN_GWF,L1,,directory,0,0,2026-01-26T21:42:22,,,,,,directory,
E:\clone\ligo-gw240925-gw250207-release\18600070\GW240925-C00-Strain\GW240925-C00-Strain\O4b4DiscC00_16KHZ_R1\STRAIN_GWF\V1,GW240925-C00-Strain\GW240925-C00-Strain\O4b4DiscC00_16KHZ_R1\STRAIN_GWF\V1,GW240925-C00-Strain\GW240925-C00-Strain\O4b4DiscC00_16KHZ_R1\STRAIN_GWF,V1,,directory,0,0,2026-01-26T21:42:25,,,,,,directory,
E:\clone\ligo-gw240925-gw250207-release\18600070\GW240925-C00-Strain\GW240925-C00-Strain\O4b4DiscC00_16KHZ_R1\STRAIN_GWF\H1\1410334720,GW240925-C00-Strain\GW240925-C00-Strain\O4b4DiscC00_16KHZ_R1\STRAIN_GWF\H1\1410334720,GW240925-C00-Strain\GW240925-C00-Strain\O4b4DiscC00_16KHZ_R1\STRAIN_GWF\H1,1410334720,,directory,0,0,2026-01-26T21:42:20,,,,,,directory,
E:\clone\ligo-gw240925-gw250207-release\18600070\GW240925-C00-Strain\GW240925-C00-Strain\O4b4DiscC00_16KHZ_R1\STRAIN_GWF\H1\1410334720\H-H1_GWOSC_O4b4DiscC00_16KHZ_R1-1411260416-4096.gwf,GW240925-C00-Strain\GW240925-C00-Strain\O4b4DiscC00_16KHZ_R1\STRAIN_GWF\H1\1410334720\H-H1_GWOSC_O4b4DiscC00_16KHZ_R1-1411260416-4096.gwf,GW240925-C00-Strain\GW240925-C00-Strain\O4b4DiscC00_16KHZ_R1\STRAIN_GWF\H1\1410334720,H-H1_GWOSC_O4b4DiscC00_16KHZ_R1-1411260416-4096.gwf,.gwf,regular_file,213602548,203.71,2026-01-26T21:42:22,,,,YES,,strain/GWOSC,
E:\clone\ligo-gw240925-gw250207-release\18600070\GW240925-C00-Strain\GW240925-C00-Strain\O4b4DiscC00_16KHZ_R1\STRAIN_GWF\L1\1410334720,GW240925-C00-Strain\GW240925-C00-Strain\O4b4DiscC00_16KHZ_R1\STRAIN_GWF\L1\1410334720,GW240925-C00-Strain\GW240925-C00-Strain\O4b4DiscC00_16KHZ_R1\STRAIN_GWF\L1,1410334720,,directory,0,0,2026-01-26T21:42:22,,,,,,directory,
E:\clone\ligo-gw240925-gw250207-release\18600070\GW240925-C00-Strain\GW240925-C00-Strain\O4b4DiscC00_16KHZ_R1\STRAIN_GWF\L1\1410334720\L-L1_GWOSC_O4b4DiscC00_16KHZ_R1-1411260416-4096.gwf,GW240925-C00-Strain\GW240925-C00-Strain\O4b4DiscC00_16KHZ_R1\STRAIN_GWF\L1\1410334720\L-L1_GWOSC_O4b4DiscC00_16KHZ_R1-1411260416-4096.gwf,GW240925-C00-Strain\GW240925-C00-Strain\O4b4DiscC00_16KHZ_R1\STRAIN_GWF\L1\1410334720,L-L1_GWOSC_O4b4DiscC00_16KHZ_R1-1411260416-4096.gwf,.gwf,regular_file,509663912,486.05,2026-01-26T21:42:25,,,,YES,,strain/GWOSC,
E:\clone\ligo-gw240925-gw250207-release\18600070\GW240925-C00-Strain\GW240925-C00-Strain\O4b4DiscC00_16KHZ_R1\STRAIN_GWF\V1\1410334720,GW240925-C00-Strain\GW240925-C00-Strain\O4b4DiscC00_16KHZ_R1\STRAIN_GWF\V1\1410334720,GW240925-C00-Strain\GW240925-C00-Strain\O4b4DiscC00_16KHZ_R1\STRAIN_GWF\V1,1410334720,,directory,0,0,2026-01-26T21:42:25,,,,,,directory,
E:\clone\ligo-gw240925-gw250207-release\18600070\GW240925-C00-Strain\GW240925-C00-Strain\O4b4DiscC00_16KHZ_R1\STRAIN_GWF\V1\1410334720\V-V1_GWOSC_O4b4DiscC00_16KHZ_R1-1411260416-4096.gwf,GW240925-C00-Strain\GW240925-C00-Strain\O4b4DiscC00_16KHZ_R1\STRAIN_GWF\V1\1410334720\V-V1_GWOSC_O4b4DiscC00_16KHZ_R1-1411260416-4096.gwf,GW240925-C00-Strain\GW240925-C00-Strain\O4b4DiscC00_16KHZ_R1\STRAIN_GWF\V1\1410334720,V-V1_GWOSC_O4b4DiscC00_16KHZ_R1-1411260416-4096.gwf,.gwf,regular_file,289411333,276.0,2026-01-26T21:42:27,,,,YES,,strain/GWOSC,
E:\clone\ligo-gw240925-gw250207-release\18600070\GW240925-C00-Strain\GW240925-C00-Strain\O4b4DiscC00_16KHZ_R1\STRAIN_HDF\H1,GW240925-C00-Strain\GW240925-C00-Strain\O4b4DiscC00_16KHZ_R1\STRAIN_HDF\H1,GW240925-C00-Strain\GW240925-C00-Strain\O4b4DiscC00_16KHZ_R1\STRAIN_HDF,H1,,directory,0,0,2026-01-26T21:42:28,,,,,,directory,
E:\clone\ligo-gw240925-gw250207-release\18600070\GW240925-C00-Strain\GW240925-C00-Strain\O4b4DiscC00_16KHZ_R1\STRAIN_HDF\L1,GW240925-C00-Strain\GW240925-C00-Strain\O4b4DiscC00_16KHZ_R1\STRAIN_HDF\L1,GW240925-C00-Strain\GW240925-C00-Strain\O4b4DiscC00_16KHZ_R1\STRAIN_HDF,L1,,directory,0,0,2026-01-26T21:42:29,,,,,,directory,
E:\clone\ligo-gw240925-gw250207-release\18600070\GW240925-C00-Strain\GW240925-C00-Strain\O4b4DiscC00_16KHZ_R1\STRAIN_HDF\V1,GW240925-C00-Strain\GW240925-C00-Strain\O4b4DiscC00_16KHZ_R1\STRAIN_HDF\V1,GW240925-C00-Strain\GW240925-C00-Strain\O4b4DiscC00_16KHZ_R1\STRAIN_HDF,V1,,directory,0,0,2026-01-26T21:42:32,,,,,,directory,
E:\clone\ligo-gw240925-gw250207-release\18600070\GW240925-C00-Strain\GW240925-C00-Strain\O4b4DiscC00_16KHZ_R1\STRAIN_HDF\H1\1410334720,GW240925-C00-Strain\GW240925-C00-Strain\O4b4DiscC00_16KHZ_R1\STRAIN_HDF\H1\1410334720,GW240925-C00-Strain\GW240925-C00-Strain\O4b4DiscC00_16KHZ_R1\STRAIN_HDF\H1,1410334720,,directory,0,0,2026-01-26T21:42:28,,,,,,directory,
E:\clone\ligo-gw240925-gw250207-release\18600070\GW240925-C00-Strain\GW240925-C00-Strain\O4b4DiscC00_16KHZ_R1\STRAIN_HDF\H1\1410334720\H-H1_GWOSC_O4b4DiscC00_16KHZ_R1-1411260416-4096.hdf5,GW240925-C00-Strain\GW240925-C00-Strain\O4b4DiscC00_16KHZ_R1\STRAIN_HDF\H1\1410334720\H-H1_GWOSC_O4b4DiscC00_16KHZ_R1-1411260416-4096.hdf5,GW240925-C00-Strain\GW240925-C00-Strain\O4b4DiscC00_16KHZ_R1\STRAIN_HDF\H1\1410334720,H-H1_GWOSC_O4b4DiscC00_16KHZ_R1-1411260416-4096.hdf5,.hdf5,regular_file,213750734,203.85,2026-01-26T21:42:29,,,,YES,,HDF5/H5 data,
E:\clone\ligo-gw240925-gw250207-release\18600070\GW240925-C00-Strain\GW240925-C00-Strain\O4b4DiscC00_16KHZ_R1\STRAIN_HDF\L1\1410334720,GW240925-C00-Strain\GW240925-C00-Strain\O4b4DiscC00_16KHZ_R1\STRAIN_HDF\L1\1410334720,GW240925-C00-Strain\GW240925-C00-Strain\O4b4DiscC00_16KHZ_R1\STRAIN_HDF\L1,1410334720,,directory,0,0,2026-01-26T21:42:29,,,,,,directory,
E:\clone\ligo-gw240925-gw250207-release\18600070\GW240925-C00-Strain\GW240925-C00-Strain\O4b4DiscC00_16KHZ_R1\STRAIN_HDF\L1\1410334720\L-L1_GWOSC_O4b4DiscC00_16KHZ_R1-1411260416-4096.hdf5,GW240925-C00-Strain\GW240925-C00-Strain\O4b4DiscC00_16KHZ_R1\STRAIN_HDF\L1\1410334720\L-L1_GWOSC_O4b4DiscC00_16KHZ_R1-1411260416-4096.hdf5,GW240925-C00-Strain\GW240925-C00-Strain\O4b4DiscC00_16KHZ_R1\STRAIN_HDF\L1\1410334720,L-L1_GWOSC_O4b4DiscC00_16KHZ_R1-1411260416-4096.hdf5,.hdf5,regular_file,509585056,485.98,2026-01-26T21:42:32,,,,YES,,HDF5/H5 data,
E:\clone\ligo-gw240925-gw250207-release\18600070\GW240925-C00-Strain\GW240925-C00-Strain\O4b4DiscC00_16KHZ_R1\STRAIN_HDF\V1\1410334720,GW240925-C00-Strain\GW240925-C00-Strain\O4b4DiscC00_16KHZ_R1\STRAIN_HDF\V1\1410334720,GW240925-C00-Strain\GW240925-C00-Strain\O4b4DiscC00_16KHZ_R1\STRAIN_HDF\V1,1410334720,,directory,0,0,2026-01-26T21:42:32,,,,,,directory,
E:\clone\ligo-gw240925-gw250207-release\18600070\GW240925-C00-Strain\GW240925-C00-Strain\O4b4DiscC00_16KHZ_R1\STRAIN_HDF\V1\1410334720\V-V1_GWOSC_O4b4DiscC00_16KHZ_R1-1411260416-4096.hdf5,GW240925-C00-Strain\GW240925-C00-Strain\O4b4DiscC00_16KHZ_R1\STRAIN_HDF\V1\1410334720\V-V1_GWOSC_O4b4DiscC00_16KHZ_R1-1411260416-4096.hdf5,GW240925-C00-Strain\GW240925-C00-Strain\O4b4DiscC00_16KHZ_R1\STRAIN_HDF\V1\1410334720,V-V1_GWOSC_O4b4DiscC00_16KHZ_R1-1411260416-4096.hdf5,.hdf5,regular_file,289345875,275.94,2026-01-26T21:42:35,,,,YES,,HDF5/H5 data,
E:\clone\ligo-gw240925-gw250207-release\18600070\GW240925-C00-Strain\GW240925-C00-Strain\O4b4DiscC00_4KHZ_R1\md5,GW240925-C00-Strain\GW240925-C00-Strain\O4b4DiscC00_4KHZ_R1\md5,GW240925-C00-Strain\GW240925-C00-Strain\O4b4DiscC00_4KHZ_R1,md5,,directory,0,0,2026-01-26T21:42:44,,,,,,directory,
E:\clone\ligo-gw240925-gw250207-release\18600070\GW240925-C00-Strain\GW240925-C00-Strain\O4b4DiscC00_4KHZ_R1\STRAIN_GWF,GW240925-C00-Strain\GW240925-C00-Strain\O4b4DiscC00_4KHZ_R1\STRAIN_GWF,GW240925-C00-Strain\GW240925-C00-Strain\O4b4DiscC00_4KHZ_R1,STRAIN_GWF,,directory,0,0,2026-01-26T21:42:48,,,,,,directory,
E:\clone\ligo-gw240925-gw250207-release\18600070\GW240925-C00-Strain\GW240925-C00-Strain\O4b4DiscC00_4KHZ_R1\STRAIN_HDF,GW240925-C00-Strain\GW240925-C00-Strain\O4b4DiscC00_4KHZ_R1\STRAIN_HDF,GW240925-C00-Strain\GW240925-C00-Strain\O4b4DiscC00_4KHZ_R1,STRAIN_HDF,,directory,0,0,2026-01-26T21:42:45,,,,,,directory,
E:\clone\ligo-gw240925-gw250207-release\18600070\GW240925-C00-Strain\GW240925-C00-Strain\O4b4DiscC00_4KHZ_R1\md5\strain-gwf.txt,GW240925-C00-Strain\GW240925-C00-Strain\O4b4DiscC00_4KHZ_R1\md5\strain-gwf.txt,GW240925-C00-Strain\GW240925-C00-Strain\O4b4DiscC00_4KHZ_R1\md5,strain-gwf.txt,.txt,regular_file,297,0.0,2026-01-26T21:42:44,,,,YES,,documentation,
E:\clone\ligo-gw240925-gw250207-release\18600070\GW240925-C00-Strain\GW240925-C00-Strain\O4b4DiscC00_4KHZ_R1\md5\strain-hdf.txt,GW240925-C00-Strain\GW240925-C00-Strain\O4b4DiscC00_4KHZ_R1\md5\strain-hdf.txt,GW240925-C00-Strain\GW240925-C00-Strain\O4b4DiscC00_4KHZ_R1\md5,strain-hdf.txt,.txt,regular_file,300,0.0,2026-01-26T21:42:44,,,,YES,,documentation,
E:\clone\ligo-gw240925-gw250207-release\18600070\GW240925-C00-Strain\GW240925-C00-Strain\O4b4DiscC00_4KHZ_R1\STRAIN_GWF\H1,GW240925-C00-Strain\GW240925-C00-Strain\O4b4DiscC00_4KHZ_R1\STRAIN_GWF\H1,GW240925-C00-Strain\GW240925-C00-Strain\O4b4DiscC00_4KHZ_R1\STRAIN_GWF,H1,,directory,0,0,2026-01-26T21:42:47,,,,,,directory,
E:\clone\ligo-gw240925-gw250207-release\18600070\GW240925-C00-Strain\GW240925-C00-Strain\O4b4DiscC00_4KHZ_R1\STRAIN_GWF\L1,GW240925-C00-Strain\GW240925-C00-Strain\O4b4DiscC00_4KHZ_R1\STRAIN_GWF\L1,GW240925-C00-Strain\GW240925-C00-Strain\O4b4DiscC00_4KHZ_R1\STRAIN_GWF,L1,,directory,0,0,2026-01-26T21:42:46,,,,,,directory,
E:\clone\ligo-gw240925-gw250207-release\18600070\GW240925-C00-Strain\GW240925-C00-Strain\O4b4DiscC00_4KHZ_R1\STRAIN_GWF\V1,GW240925-C00-Strain\GW240925-C00-Strain\O4b4DiscC00_4KHZ_R1\STRAIN_GWF\V1,GW240925-C00-Strain\GW240925-C00-Strain\O4b4DiscC00_4KHZ_R1\STRAIN_GWF,V1,,directory,0,0,2026-01-26T21:42:48,,,,,,directory,
E:\clone\ligo-gw240925-gw250207-release\18600070\GW240925-C00-Strain\GW240925-C00-Strain\O4b4DiscC00_4KHZ_R1\STRAIN_GWF\H1\1410334720,GW240925-C00-Strain\GW240925-C00-Strain\O4b4DiscC00_4KHZ_R1\STRAIN_GWF\H1\1410334720,GW240925-C00-Strain\GW240925-C00-Strain\O4b4DiscC00_4KHZ_R1\STRAIN_GWF\H1,1410334720,,directory,0,0,2026-01-26T21:42:47,,,,,,directory,
E:\clone\ligo-gw240925-gw250207-release\18600070\GW240925-C00-Strain\GW240925-C00-Strain\O4b4DiscC00_4KHZ_R1\STRAIN_GWF\H1\1410334720\H-H1_GWOSC_O4b4DiscC00_4KHZ_R1-1411260416-4096.gwf,GW240925-C00-Strain\GW240925-C00-Strain\O4b4DiscC00_4KHZ_R1\STRAIN_GWF\H1\1410334720\H-H1_GWOSC_O4b4DiscC00_4KHZ_R1-1411260416-4096.gwf,GW240925-C00-Strain\GW240925-C00-Strain\O4b4DiscC00_4KHZ_R1\STRAIN_GWF\H1\1410334720,H-H1_GWOSC_O4b4DiscC00_4KHZ_R1-1411260416-4096.gwf,.gwf,regular_file,53906288,51.41,2026-01-26T21:42:48,,,,YES,,strain/GWOSC,
E:\clone\ligo-gw240925-gw250207-release\18600070\GW240925-C00-Strain\GW240925-C00-Strain\O4b4DiscC00_4KHZ_R1\STRAIN_GWF\L1\1410334720,GW240925-C00-Strain\GW240925-C00-Strain\O4b4DiscC00_4KHZ_R1\STRAIN_GWF\L1\1410334720,GW240925-C00-Strain\GW240925-C00-Strain\O4b4DiscC00_4KHZ_R1\STRAIN_GWF\L1,1410334720,,directory,0,0,2026-01-26T21:42:46,,,,,,directory,
E:\clone\ligo-gw240925-gw250207-release\18600070\GW240925-C00-Strain\GW240925-C00-Strain\O4b4DiscC00_4KHZ_R1\STRAIN_GWF\L1\1410334720\L-L1_GWOSC_O4b4DiscC00_4KHZ_R1-1411260416-4096.gwf,GW240925-C00-Strain\GW240925-C00-Strain\O4b4DiscC00_4KHZ_R1\STRAIN_GWF\L1\1410334720\L-L1_GWOSC_O4b4DiscC00_4KHZ_R1-1411260416-4096.gwf,GW240925-C00-Strain\GW240925-C00-Strain\O4b4DiscC00_4KHZ_R1\STRAIN_GWF\L1\1410334720,L-L1_GWOSC_O4b4DiscC00_4KHZ_R1-1411260416-4096.gwf,.gwf,regular_file,128709735,122.75,2026-01-26T21:42:47,,,,YES,,strain/GWOSC,
E:\clone\ligo-gw240925-gw250207-release\18600070\GW240925-C00-Strain\GW240925-C00-Strain\O4b4DiscC00_4KHZ_R1\STRAIN_GWF\V1\1410334720,GW240925-C00-Strain\GW240925-C00-Strain\O4b4DiscC00_4KHZ_R1\STRAIN_GWF\V1\1410334720,GW240925-C00-Strain\GW240925-C00-Strain\O4b4DiscC00_4KHZ_R1\STRAIN_GWF\V1,1410334720,,directory,0,0,2026-01-26T21:42:48,,,,,,directory,
E:\clone\ligo-gw240925-gw250207-release\18600070\GW240925-C00-Strain\GW240925-C00-Strain\O4b4DiscC00_4KHZ_R1\STRAIN_GWF\V1\1410334720\V-V1_GWOSC_O4b4DiscC00_4KHZ_R1-1411260416-4096.gwf,GW240925-C00-Strain\GW240925-C00-Strain\O4b4DiscC00_4KHZ_R1\STRAIN_GWF\V1\1410334720\V-V1_GWOSC_O4b4DiscC00_4KHZ_R1-1411260416-4096.gwf,GW240925-C00-Strain\GW240925-C00-Strain\O4b4DiscC00_4KHZ_R1\STRAIN_GWF\V1\1410334720,V-V1_GWOSC_O4b4DiscC00_4KHZ_R1-1411260416-4096.gwf,.gwf,regular_file,70765964,67.49,2026-01-26T21:42:48,,,,YES,,strain/GWOSC,
E:\clone\ligo-gw240925-gw250207-release\18600070\GW240925-C00-Strain\GW240925-C00-Strain\O4b4DiscC00_4KHZ_R1\STRAIN_HDF\H1,GW240925-C00-Strain\GW240925-C00-Strain\O4b4DiscC00_4KHZ_R1\STRAIN_HDF\H1,GW240925-C00-Strain\GW240925-C00-Strain\O4b4DiscC00_4KHZ_R1\STRAIN_HDF,H1,,directory,0,0,2026-01-26T21:42:45,,,,,,directory,
E:\clone\ligo-gw240925-gw250207-release\18600070\GW240925-C00-Strain\GW240925-C00-Strain\O4b4DiscC00_4KHZ_R1\STRAIN_HDF\L1,GW240925-C00-Strain\GW240925-C00-Strain\O4b4DiscC00_4KHZ_R1\STRAIN_HDF\L1,GW240925-C00-Strain\GW240925-C00-Strain\O4b4DiscC00_4KHZ_R1\STRAIN_HDF,L1,,directory,0,0,2026-01-26T21:42:44,,,,,,directory,
E:\clone\ligo-gw240925-gw250207-release\18600070\GW240925-C00-Strain\GW240925-C00-Strain\O4b4DiscC00_4KHZ_R1\STRAIN_HDF\V1,GW240925-C00-Strain\GW240925-C00-Strain\O4b4DiscC00_4KHZ_R1\STRAIN_HDF\V1,GW240925-C00-Strain\GW240925-C00-Strain\O4b4DiscC00_4KHZ_R1\STRAIN_HDF,V1,,directory,0,0,2026-01-26T21:42:45,,,,,,directory,
E:\clone\ligo-gw240925-gw250207-release\18600070\GW240925-C00-Strain\GW240925-C00-Strain\O4b4DiscC00_4KHZ_R1\STRAIN_HDF\H1\1410334720,GW240925-C00-Strain\GW240925-C00-Strain\O4b4DiscC00_4KHZ_R1\STRAIN_HDF\H1\1410334720,GW240925-C00-Strain\GW240925-C00-Strain\O4b4DiscC00_4KHZ_R1\STRAIN_HDF\H1,1410334720,,directory,0,0,2026-01-26T21:42:45,,,,,,directory,
E:\clone\ligo-gw240925-gw250207-release\18600070\GW240925-C00-Strain\GW240925-C00-Strain\O4b4DiscC00_4KHZ_R1\STRAIN_HDF\H1\1410334720\H-H1_GWOSC_O4b4DiscC00_4KHZ_R1-1411260416-4096.hdf5,GW240925-C00-Strain\GW240925-C00-Strain\O4b4DiscC00_4KHZ_R1\STRAIN_HDF\H1\1410334720\H-H1_GWOSC_O4b4DiscC00_4KHZ_R1-1411260416-4096.hdf5,GW240925-C00-Strain\GW240925-C00-Strain\O4b4DiscC00_4KHZ_R1\STRAIN_HDF\H1\1410334720,H-H1_GWOSC_O4b4DiscC00_4KHZ_R1-1411260416-4096.hdf5,.hdf5,regular_file,53995910,51.49,2026-01-26T21:42:45,,,,YES,,HDF5/H5 data,
E:\clone\ligo-gw240925-gw250207-release\18600070\GW240925-C00-Strain\GW240925-C00-Strain\O4b4DiscC00_4KHZ_R1\STRAIN_HDF\L1\1410334720,GW240925-C00-Strain\GW240925-C00-Strain\O4b4DiscC00_4KHZ_R1\STRAIN_HDF\L1\1410334720,GW240925-C00-Strain\GW240925-C00-Strain\O4b4DiscC00_4KHZ_R1\STRAIN_HDF\L1,1410334720,,directory,0,0,2026-01-26T21:42:44,,,,,,directory,
E:\clone\ligo-gw240925-gw250207-release\18600070\GW240925-C00-Strain\GW240925-C00-Strain\O4b4DiscC00_4KHZ_R1\STRAIN_HDF\L1\1410334720\L-L1_GWOSC_O4b4DiscC00_4KHZ_R1-1411260416-4096.hdf5,GW240925-C00-Strain\GW240925-C00-Strain\O4b4DiscC00_4KHZ_R1\STRAIN_HDF\L1\1410334720\L-L1_GWOSC_O4b4DiscC00_4KHZ_R1-1411260416-4096.hdf5,GW240925-C00-Strain\GW240925-C00-Strain\O4b4DiscC00_4KHZ_R1\STRAIN_HDF\L1\1410334720,L-L1_GWOSC_O4b4DiscC00_4KHZ_R1-1411260416-4096.hdf5,.hdf5,regular_file,128708079,122.75,2026-01-26T21:42:44,,,,YES,,HDF5/H5 data,
E:\clone\ligo-gw240925-gw250207-release\18600070\GW240925-C00-Strain\GW240925-C00-Strain\O4b4DiscC00_4KHZ_R1\STRAIN_HDF\V1\1410334720,GW240925-C00-Strain\GW240925-C00-Strain\O4b4DiscC00_4KHZ_R1\STRAIN_HDF\V1\1410334720,GW240925-C00-Strain\GW240925-C00-Strain\O4b4DiscC00_4KHZ_R1\STRAIN_HDF\V1,1410334720,,directory,0,0,2026-01-26T21:42:45,,,,,,directory,
E:\clone\ligo-gw240925-gw250207-release\18600070\GW240925-C00-Strain\GW240925-C00-Strain\O4b4DiscC00_4KHZ_R1\STRAIN_HDF\V1\1410334720\V-V1_GWOSC_O4b4DiscC00_4KHZ_R1-1411260416-4096.hdf5,GW240925-C00-Strain\GW240925-C00-Strain\O4b4DiscC00_4KHZ_R1\STRAIN_HDF\V1\1410334720\V-V1_GWOSC_O4b4DiscC00_4KHZ_R1-1411260416-4096.hdf5,GW240925-C00-Strain\GW240925-C00-Strain\O4b4DiscC00_4KHZ_R1\STRAIN_HDF\V1\1410334720,V-V1_GWOSC_O4b4DiscC00_4KHZ_R1-1411260416-4096.hdf5,.hdf5,regular_file,70508053,67.24,2026-01-26T21:42:46,,,,YES,,HDF5/H5 data,
E:\clone\ligo-gw240925-gw250207-release\18600070\notebooks\notebooks,notebooks\notebooks,notebooks,notebooks,,directory,0,0,2026-05-07T16:39:07,,,,,,directory,
E:\clone\ligo-gw240925-gw250207-release\18600070\notebooks\notebooks\calibration-monitoring.ipynb,notebooks\notebooks\calibration-monitoring.ipynb,notebooks\notebooks,calibration-monitoring.ipynb,.ipynb,regular_file,25297,0.02,2026-05-07T16:58:31,,,,YES,,notebook,
E:\clone\ligo-gw240925-gw250207-release\18600070\notebooks\notebooks\inference-results.ipynb,notebooks\notebooks\inference-results.ipynb,notebooks\notebooks,inference-results.ipynb,.ipynb,regular_file,45347,0.04,2026-05-07T16:58:31,,,,YES,,notebook,
E:\clone\ligo-gw240925-gw250207-release\18600070\notebooks\notebooks\parametrized-tests.ipynb,notebooks\notebooks\parametrized-tests.ipynb,notebooks\notebooks,parametrized-tests.ipynb,.ipynb,regular_file,42114,0.04,2026-05-07T16:58:31,,,,YES,,notebook,
E:\clone\ligo-gw240925-gw250207-release\18600070\notebooks\notebooks\sky-localizations.ipynb,notebooks\notebooks\sky-localizations.ipynb,notebooks\notebooks,sky-localizations.ipynb,.ipynb,regular_file,42170,0.04,2026-05-07T16:58:31,,,,YES,,notebook,
E:\clone\ligo-gw240925-gw250207-release\18600070\notebooks\notebooks\spectrograms.ipynb,notebooks\notebooks\spectrograms.ipynb,notebooks\notebooks,spectrograms.ipynb,.ipynb,regular_file,29935,0.03,2026-05-07T16:58:31,,,,YES,,notebook,
E:\clone\ligo-gw240925-gw250207-release\18600070\pca\pca,pca\pca,pca,pca,,directory,0,0,2026-05-07T15:43:50,,,,,,directory,
E:\clone\ligo-gw240925-gw250207-release\18600070\pca\pca\pca_fti_GW250207_115645_C00_none_dchi_3NS_dchi_4NS_dchi_5lNS_dchi_6NS_dchi_6l_dchi_7NS.h5,pca\pca\pca_fti_GW250207_115645_C00_none_dchi_3NS_dchi_4NS_dchi_5lNS_dchi_6NS_dchi_6l_dchi_7NS.h5,pca\pca,pca_fti_GW250207_115645_C00_none_dchi_3NS_dchi_4NS_dchi_5lNS_dchi_6NS_dchi_6l_dchi_7NS.h5,.h5,regular_file,41790405,39.85,2026-02-04T14:51:48,,,,YES,,HDF5/H5 data,
E:\clone\ligo-gw240925-gw250207-release\18600070\pca\pca\pca_fti_GW250207_115645_C00_wide_dchi_3NS_dchi_4NS_dchi_5lNS_dchi_6NS_dchi_6l_dchi_7NS.h5,pca\pca\pca_fti_GW250207_115645_C00_wide_dchi_3NS_dchi_4NS_dchi_5lNS_dchi_6NS_dchi_6l_dchi_7NS.h5,pca\pca,pca_fti_GW250207_115645_C00_wide_dchi_3NS_dchi_4NS_dchi_5lNS_dchi_6NS_dchi_6l_dchi_7NS.h5,.h5,regular_file,100406361,95.75,2026-02-04T14:51:49,,,,YES,,HDF5/H5 data,
E:\clone\ligo-gw240925-gw250207-release\18600070\pca\pca\pca_tiger_GW240925_005809_C00_envelope_dchi_3_dchi_4_dchi_5l_dchi_6_dchi_6l_dchi_7.h5,pca\pca\pca_tiger_GW240925_005809_C00_envelope_dchi_3_dchi_4_dchi_5l_dchi_6_dchi_6l_dchi_7.h5,pca\pca,pca_tiger_GW240925_005809_C00_envelope_dchi_3_dchi_4_dchi_5l_dchi_6_dchi_6l_dchi_7.h5,.h5,regular_file,82663984,78.83,2026-02-04T14:51:51,,,,YES,,HDF5/H5 data,
E:\clone\ligo-gw240925-gw250207-release\18600070\pca\pca\pca_tiger_GW240925_005809_C00_none_dchi_3_dchi_4_dchi_5l_dchi_6_dchi_6l_dchi_7.h5,pca\pca\pca_tiger_GW240925_005809_C00_none_dchi_3_dchi_4_dchi_5l_dchi_6_dchi_6l_dchi_7.h5,pca\pca,pca_tiger_GW240925_005809_C00_none_dchi_3_dchi_4_dchi_5l_dchi_6_dchi_6l_dchi_7.h5,.h5,regular_file,26446248,25.22,2026-02-04T14:51:51,,,,YES,,HDF5/H5 data,
E:\clone\ligo-gw240925-gw250207-release\18600070\pca\pca\pca_tiger_GW240925_005809_C00_wide_dchi_3_dchi_4_dchi_5l_dchi_6_dchi_6l_dchi_7.h5,pca\pca\pca_tiger_GW240925_005809_C00_wide_dchi_3_dchi_4_dchi_5l_dchi_6_dchi_6l_dchi_7.h5,pca\pca,pca_tiger_GW240925_005809_C00_wide_dchi_3_dchi_4_dchi_5l_dchi_6_dchi_6l_dchi_7.h5,.h5,regular_file,102977169,98.21,2026-02-04T14:51:53,,,,YES,,HDF5/H5 data,
E:\clone\ligo-gw240925-gw250207-release\18600070\pca\pca\pca_tiger_GW240925_005809_C01_envelope_dchi_3_dchi_4_dchi_5l_dchi_6_dchi_6l_dchi_7.h5,pca\pca\pca_tiger_GW240925_005809_C01_envelope_dchi_3_dchi_4_dchi_5l_dchi_6_dchi_6l_dchi_7.h5,pca\pca,pca_tiger_GW240925_005809_C01_envelope_dchi_3_dchi_4_dchi_5l_dchi_6_dchi_6l_dchi_7.h5,.h5,regular_file,87775728,83.71,2026-02-04T14:51:55,,,,YES,,HDF5/H5 data,
E:\clone\ligo-gw240925-gw250207-release\18600070\pca\pca\pca_tiger_GW250207_115645_C00_none_dchi_3_dchi_4_dchi_5l_dchi_6_dchi_6l_dchi_7.h5,pca\pca\pca_tiger_GW250207_115645_C00_none_dchi_3_dchi_4_dchi_5l_dchi_6_dchi_6l_dchi_7.h5,pca\pca,pca_tiger_GW250207_115645_C00_none_dchi_3_dchi_4_dchi_5l_dchi_6_dchi_6l_dchi_7.h5,.h5,regular_file,42201960,40.25,2026-02-04T14:51:56,,,,YES,,HDF5/H5 data,
E:\clone\ligo-gw240925-gw250207-release\18600070\pca\pca\pca_tiger_GW250207_115645_C00_wide_dchi_3_dchi_4_dchi_5l_dchi_6_dchi_6l_dchi_7.h5,pca\pca\pca_tiger_GW250207_115645_C00_wide_dchi_3_dchi_4_dchi_5l_dchi_6_dchi_6l_dchi_7.h5,pca\pca,pca_tiger_GW250207_115645_C00_wide_dchi_3_dchi_4_dchi_5l_dchi_6_dchi_6l_dchi_7.h5,.h5,regular_file,112028560,106.84,2026-02-04T14:51:58,,,,YES,,HDF5/H5 data,
E:\clone\ligo-gw240925-gw250207-release\18600070\pseobnr\pseobnr,pseobnr\pseobnr,pseobnr,pseobnr,,directory,0,0,2026-05-05T22:40:30,,,,,,directory,
E:\clone\ligo-gw240925-gw250207-release\18600070\pseobnr\pseobnr\22_44_NoCal.hdf5,pseobnr\pseobnr\22_44_NoCal.hdf5,pseobnr\pseobnr,22_44_NoCal.hdf5,.hdf5,regular_file,17809352,16.98,2026-02-04T22:16:33,,,,YES,,HDF5/H5 data,
E:\clone\ligo-gw240925-gw250207-release\18600070\pseobnr\pseobnr\22_44_WideCal.hdf5,pseobnr\pseobnr\22_44_WideCal.hdf5,pseobnr\pseobnr,22_44_WideCal.hdf5,.hdf5,regular_file,42334240,40.37,2026-02-04T22:16:49,,,,YES,,HDF5/H5 data,
E:\clone\ligo-gw240925-gw250207-release\18600070\pseobnr\pseobnr\22_NoCal.hdf5,pseobnr\pseobnr\22_NoCal.hdf5,pseobnr\pseobnr,22_NoCal.hdf5,.hdf5,regular_file,17333456,16.53,2026-02-04T22:16:18,,,,YES,,HDF5/H5 data,
E:\clone\ligo-gw240925-gw250207-release\18600070\pseobnr\pseobnr\22_NoCal_ftau.h5,pseobnr\pseobnr\22_NoCal_ftau.h5,pseobnr\pseobnr,22_NoCal_ftau.h5,.h5,regular_file,326144,0.31,2026-05-05T22:40:30,,,,YES,,HDF5/H5 data,
E:\clone\ligo-gw240925-gw250207-release\18600070\pseobnr\pseobnr\22_WideCal.hdf5,pseobnr\pseobnr\22_WideCal.hdf5,pseobnr\pseobnr,22_WideCal.hdf5,.hdf5,regular_file,41572480,39.65,2026-02-04T22:15:51,,,,YES,,HDF5/H5 data,
E:\clone\ligo-gw240925-gw250207-release\18600070\pseobnr\pseobnr\22_WideCal_ftau.h5,pseobnr\pseobnr\22_WideCal_ftau.h5,pseobnr\pseobnr,22_WideCal_ftau.h5,.h5,regular_file,326144,0.31,2026-05-05T22:40:30,,,,YES,,HDF5/H5 data,
E:\clone\ligo-gw240925-gw250207-release\18600070\qnmrf\qnmrf,qnmrf\qnmrf,qnmrf,qnmrf,,directory,0,0,2026-04-30T01:34:47,,,,,,directory,
E:\clone\ligo-gw240925-gw250207-release\18600070\qnmrf\qnmrf\f_tau_credible_contours_evo_8.0M.npz,qnmrf\qnmrf\f_tau_credible_contours_evo_8.0M.npz,qnmrf\qnmrf,f_tau_credible_contours_evo_8.0M.npz,.npz,regular_file,2014716,1.92,2026-04-30T01:34:47,,,,YES,,ringdown/QNM,
E:\clone\ligo-gw240925-gw250207-release\18600070\qnmrf\qnmrf\QNMRF_GW250207_Hanford_220_t=8.0M.h5,qnmrf\qnmrf\QNMRF_GW250207_Hanford_220_t=8.0M.h5,qnmrf\qnmrf,QNMRF_GW250207_Hanford_220_t=8.0M.h5,.h5,regular_file,1000288,0.95,2026-02-04T00:40:08,,,,YES,,HDF5/H5 data,
E:\clone\ligo-gw240925-gw250207-release\18600070\qnmrf\qnmrf\QNMRF_GW250207_Livingston_220_t=8.0M.h5,qnmrf\qnmrf\QNMRF_GW250207_Livingston_220_t=8.0M.h5,qnmrf\qnmrf,QNMRF_GW250207_Livingston_220_t=8.0M.h5,.h5,regular_file,1000288,0.95,2026-02-04T00:40:09,,,,YES,,HDF5/H5 data,
E:\clone\ligo-gw240925-gw250207-release\18600070\qnmrf\qnmrf\QNMRF_mass_chi_grid.npz,qnmrf\qnmrf\QNMRF_mass_chi_grid.npz,qnmrf\qnmrf,QNMRF_mass_chi_grid.npz,.npz,regular_file,1988660,1.9,2026-02-04T00:40:10,,,,YES,,ringdown/QNM,
E:\clone\ligo-gw240925-gw250207-release\18600070\residuals\residuals,residuals\residuals,residuals,residuals,,directory,0,0,2026-02-09T22:40:05,,,,,,directory,
E:\clone\ligo-gw240925-gw250207-release\18600070\residuals\residuals\GW240925,residuals\residuals\GW240925,residuals\residuals,GW240925,,directory,0,0,2026-02-09T22:34:30,,,,,,directory,
E:\clone\ligo-gw240925-gw250207-release\18600070\residuals\residuals\GW250207,residuals\residuals\GW250207,residuals\residuals,GW250207,,directory,0,0,2026-02-09T22:34:31,,,,,,directory,
E:\clone\ligo-gw240925-gw250207-release\18600070\residuals\residuals\GW240925\flat_wide_calib,residuals\residuals\GW240925\flat_wide_calib,residuals\residuals\GW240925,flat_wide_calib,,directory,0,0,2026-02-09T22:34:30,,,,,,directory,
E:\clone\ligo-gw240925-gw250207-release\18600070\residuals\residuals\GW240925\no_calib,residuals\residuals\GW240925\no_calib,residuals\residuals\GW240925,no_calib,,directory,0,0,2026-02-09T22:34:30,,,,,,directory,
E:\clone\ligo-gw240925-gw250207-release\18600070\residuals\residuals\GW240925\flat_wide_calib\H-H1_HOFT_C00_RES-1411261101-16.gwf,residuals\residuals\GW240925\flat_wide_calib\H-H1_HOFT_C00_RES-1411261101-16.gwf,residuals\residuals\GW240925\flat_wide_calib,H-H1_HOFT_C00_RES-1411261101-16.gwf,.gwf,regular_file,257894,0.25,2026-02-09T22:34:30,,,,YES,,residual,
E:\clone\ligo-gw240925-gw250207-release\18600070\residuals\residuals\GW240925\flat_wide_calib\L-L1_HOFT_C00_AR_RES-1411261101-16.gwf,residuals\residuals\GW240925\flat_wide_calib\L-L1_HOFT_C00_AR_RES-1411261101-16.gwf,residuals\residuals\GW240925\flat_wide_calib,L-L1_HOFT_C00_AR_RES-1411261101-16.gwf,.gwf,regular_file,258023,0.25,2026-02-09T22:34:30,,,,YES,,residual,
E:\clone\ligo-gw240925-gw250207-release\18600070\residuals\residuals\GW240925\flat_wide_calib\V-HoftAR1_RES-1411261101-16.gwf,residuals\residuals\GW240925\flat_wide_calib\V-HoftAR1_RES-1411261101-16.gwf,residuals\residuals\GW240925\flat_wide_calib,V-HoftAR1_RES-1411261101-16.gwf,.gwf,regular_file,259167,0.25,2026-02-09T22:34:30,,,,YES,,residual,
E:\clone\ligo-gw240925-gw250207-release\18600070\residuals\residuals\GW240925\no_calib\H-H1_HOFT_C00_RES-1411261101-16.gwf,residuals\residuals\GW240925\no_calib\H-H1_HOFT_C00_RES-1411261101-16.gwf,residuals\residuals\GW240925\no_calib,H-H1_HOFT_C00_RES-1411261101-16.gwf,.gwf,regular_file,257893,0.25,2026-02-09T22:34:30,,,,YES,,residual,
E:\clone\ligo-gw240925-gw250207-release\18600070\residuals\residuals\GW240925\no_calib\L-L1_HOFT_C00_AR_RES-1411261101-16.gwf,residuals\residuals\GW240925\no_calib\L-L1_HOFT_C00_AR_RES-1411261101-16.gwf,residuals\residuals\GW240925\no_calib,L-L1_HOFT_C00_AR_RES-1411261101-16.gwf,.gwf,regular_file,258024,0.25,2026-02-09T22:34:30,,,,YES,,residual,
E:\clone\ligo-gw240925-gw250207-release\18600070\residuals\residuals\GW240925\no_calib\V-HoftAR1_RES-1411261101-16.gwf,residuals\residuals\GW240925\no_calib\V-HoftAR1_RES-1411261101-16.gwf,residuals\residuals\GW240925\no_calib,V-HoftAR1_RES-1411261101-16.gwf,.gwf,regular_file,259159,0.25,2026-02-09T22:34:30,,,,YES,,residual,
E:\clone\ligo-gw240925-gw250207-release\18600070\residuals\residuals\GW250207\flat_wide_calib,residuals\residuals\GW250207\flat_wide_calib,residuals\residuals\GW250207,flat_wide_calib,,directory,0,0,2026-02-09T22:34:32,,,,,,directory,
E:\clone\ligo-gw240925-gw250207-release\18600070\residuals\residuals\GW250207\no_calib,residuals\residuals\GW250207\no_calib,residuals\residuals\GW250207,no_calib,,directory,0,0,2026-02-09T22:34:31,,,,,,directory,
E:\clone\ligo-gw240925-gw250207-release\18600070\residuals\residuals\GW250207\flat_wide_calib\H-H1_HOFT_C00_RES-1422964617-16.gwf,residuals\residuals\GW250207\flat_wide_calib\H-H1_HOFT_C00_RES-1422964617-16.gwf,residuals\residuals\GW250207\flat_wide_calib,H-H1_HOFT_C00_RES-1422964617-16.gwf,.gwf,regular_file,258166,0.25,2026-02-09T22:34:32,,,,YES,,residual,
E:\clone\ligo-gw240925-gw250207-release\18600070\residuals\residuals\GW250207\flat_wide_calib\L-L1_HOFT_C00_AR_RES-1422964617-16.gwf,residuals\residuals\GW250207\flat_wide_calib\L-L1_HOFT_C00_AR_RES-1422964617-16.gwf,residuals\residuals\GW250207\flat_wide_calib,L-L1_HOFT_C00_AR_RES-1422964617-16.gwf,.gwf,regular_file,258063,0.25,2026-02-09T22:34:32,,,,YES,,residual,
E:\clone\ligo-gw240925-gw250207-release\18600070\residuals\residuals\GW250207\flat_wide_calib\V-HoftAR1_RES-1422964617-16.gwf,residuals\residuals\GW250207\flat_wide_calib\V-HoftAR1_RES-1422964617-16.gwf,residuals\residuals\GW250207\flat_wide_calib,V-HoftAR1_RES-1422964617-16.gwf,.gwf,regular_file,259341,0.25,2026-02-09T22:34:32,,,,YES,,residual,
E:\clone\ligo-gw240925-gw250207-release\18600070\residuals\residuals\GW250207\no_calib\H-H1_HOFT_C00_RES-1422964617-16.gwf,residuals\residuals\GW250207\no_calib\H-H1_HOFT_C00_RES-1422964617-16.gwf,residuals\residuals\GW250207\no_calib,H-H1_HOFT_C00_RES-1422964617-16.gwf,.gwf,regular_file,258147,0.25,2026-02-09T22:34:31,,,,YES,,residual,
E:\clone\ligo-gw240925-gw250207-release\18600070\residuals\residuals\GW250207\no_calib\L-L1_HOFT_C00_AR_RES-1422964617-16.gwf,residuals\residuals\GW250207\no_calib\L-L1_HOFT_C00_AR_RES-1422964617-16.gwf,residuals\residuals\GW250207\no_calib,L-L1_HOFT_C00_AR_RES-1422964617-16.gwf,.gwf,regular_file,258156,0.25,2026-02-09T22:34:31,,,,YES,,residual,
E:\clone\ligo-gw240925-gw250207-release\18600070\residuals\residuals\GW250207\no_calib\V-HoftAR1_RES-1422964617-16.gwf,residuals\residuals\GW250207\no_calib\V-HoftAR1_RES-1422964617-16.gwf,residuals\residuals\GW250207\no_calib,V-HoftAR1_RES-1422964617-16.gwf,.gwf,regular_file,259345,0.25,2026-02-09T22:34:30,,,,YES,,residual,
E:\clone\ligo-gw240925-gw250207-release\18600070\ringdown\ringdown,ringdown\ringdown,ringdown,ringdown,,directory,0,0,2026-05-08T20:17:28,,,,,,directory,
E:\clone\ligo-gw240925-gw250207-release\18600070\ringdown\ringdown\rd_GW250207_Kerr220_8M_singleIFO_prod_2048Hz_evol_20Ksamps.hdf5,ringdown\ringdown\rd_GW250207_Kerr220_8M_singleIFO_prod_2048Hz_evol_20Ksamps.hdf5,ringdown\ringdown,rd_GW250207_Kerr220_8M_singleIFO_prod_2048Hz_evol_20Ksamps.hdf5,.hdf5,regular_file,1286528,1.23,2026-02-16T18:33:45,,,,YES,,HDF5/H5 data,
E:\clone\ligo-gw240925-gw250207-release\18600070\ringdown\ringdown\ringdown_GW250207_Kerr220_start8M_H1.nc,ringdown\ringdown\ringdown_GW250207_Kerr220_start8M_H1.nc,ringdown\ringdown,ringdown_GW250207_Kerr220_start8M_H1.nc,.nc,regular_file,434304016,414.18,2026-02-09T20:36:35,,,,YES,,ringdown/QNM,
E:\clone\ligo-gw240925-gw250207-release\18600070\ringdown\ringdown\ringdown_GW250207_Kerr220_start8M_L1.nc,ringdown\ringdown\ringdown_GW250207_Kerr220_start8M_L1.nc,ringdown\ringdown,ringdown_GW250207_Kerr220_start8M_L1.nc,.nc,regular_file,435965571,415.77,2026-02-09T20:42:13,,,,YES,,ringdown/QNM,
E:\clone\ligo-gw240925-gw250207-release\18600070\skymaps\skymaps,skymaps\skymaps,skymaps,skymaps,,directory,0,0,2026-04-30T18:37:44,,,,,,directory,
E:\clone\ligo-gw240925-gw250207-release\18600070\skymaps\skymaps\S240925n,skymaps\skymaps\S240925n,skymaps\skymaps,S240925n,,directory,0,0,2026-04-30T18:48:08,,,,,,directory,
E:\clone\ligo-gw240925-gw250207-release\18600070\skymaps\skymaps\S250207bg,skymaps\skymaps\S250207bg,skymaps\skymaps,S250207bg,,directory,0,0,2026-04-30T18:56:17,,,,,,directory,
E:\clone\ligo-gw240925-gw250207-release\18600070\skymaps\skymaps\S240925n\bayestar.multiorder.fits,skymaps\skymaps\S240925n\bayestar.multiorder.fits,skymaps\skymaps\S240925n,bayestar.multiorder.fits,.fits,symlink,-1,-1,,,\home\sylvia.biscoveanu\gw240925_and_gw250207\data\skymaps\S240925n\bayestar.multiorder.fits,False,,,skymap,
E:\clone\ligo-gw240925-gw250207-release\18600070\skymaps\skymaps\S240925n\Bilby.offline0.multiorder.fits,skymaps\skymaps\S240925n\Bilby.offline0.multiorder.fits,skymaps\skymaps\S240925n,Bilby.offline0.multiorder.fits,.fits,symlink,-1,-1,,,\home\sylvia.biscoveanu\gw240925_and_gw250207\data\skymaps\S240925n\Bilby.offline0.multiorder.fits,False,,,skymap,
E:\clone\ligo-gw240925-gw250207-release\18600070\skymaps\skymaps\S240925n\combinedPHM_envcalC00_skymap.fits,skymaps\skymaps\S240925n\combinedPHM_envcalC00_skymap.fits,skymaps\skymaps\S240925n,combinedPHM_envcalC00_skymap.fits,.fits,symlink,-1,-1,,,\home\sylvia.biscoveanu\gw240925_and_gw250207\data\skymaps\S240925n\combinedPHM_envcalC00_skymap.fits,False,,,skymap,
E:\clone\ligo-gw240925-gw250207-release\18600070\skymaps\skymaps\S240925n\combinedPHM_envcalC01_skymap.fits,skymaps\skymaps\S240925n\combinedPHM_envcalC01_skymap.fits,skymaps\skymaps\S240925n,combinedPHM_envcalC01_skymap.fits,.fits,symlink,-1,-1,,,\home\sylvia.biscoveanu\gw240925_and_gw250207\data\skymaps\S240925n\combinedPHM_envcalC01_skymap.fits,False,,,skymap,
E:\clone\ligo-gw240925-gw250207-release\18600070\skymaps\skymaps\S240925n\combinedPHM_flatcalC00_skymap.fits,skymaps\skymaps\S240925n\combinedPHM_flatcalC00_skymap.fits,skymaps\skymaps\S240925n,combinedPHM_flatcalC00_skymap.fits,.fits,symlink,-1,-1,,,\home\sylvia.biscoveanu\gw240925_and_gw250207\data\skymaps\S240925n\combinedPHM_flatcalC00_skymap.fits,False,,,skymap,
E:\clone\ligo-gw240925-gw250207-release\18600070\skymaps\skymaps\S240925n\combinedPHM_nocalC00_skymap.fits,skymaps\skymaps\S240925n\combinedPHM_nocalC00_skymap.fits,skymaps\skymaps\S240925n,combinedPHM_nocalC00_skymap.fits,.fits,symlink,-1,-1,,,\home\sylvia.biscoveanu\gw240925_and_gw250207\data\skymaps\S240925n\combinedPHM_nocalC00_skymap.fits,False,,,skymap,
E:\clone\ligo-gw240925-gw250207-release\18600070\skymaps\skymaps\S240925n\IMRPhenomXPHM-SpinTaylor_envcalC00_skymap.fits,skymaps\skymaps\S240925n\IMRPhenomXPHM-SpinTaylor_envcalC00_skymap.fits,skymaps\skymaps\S240925n,IMRPhenomXPHM-SpinTaylor_envcalC00_skymap.fits,.fits,symlink,-1,-1,,,\home\sylvia.biscoveanu\gw240925_and_gw250207\data\skymaps\S240925n\PROD0_skymap.fits,False,,,skymap,
E:\clone\ligo-gw240925-gw250207-release\18600070\skymaps\skymaps\S240925n\IMRPhenomXPHM-SpinTaylor_envcalC01_skymap.fits,skymaps\skymaps\S240925n\IMRPhenomXPHM-SpinTaylor_envcalC01_skymap.fits,skymaps\skymaps\S240925n,IMRPhenomXPHM-SpinTaylor_envcalC01_skymap.fits,.fits,symlink,-1,-1,,,\home\sylvia.biscoveanu\gw240925_and_gw250207\data\skymaps\S240925n\PROD9_skymap.fits,False,,,skymap,
E:\clone\ligo-gw240925-gw250207-release\18600070\skymaps\skymaps\S240925n\IMRPhenomXPHM-SpinTaylor_flatcalC00_skymap.fits,skymaps\skymaps\S240925n\IMRPhenomXPHM-SpinTaylor_flatcalC00_skymap.fits,skymaps\skymaps\S240925n,IMRPhenomXPHM-SpinTaylor_flatcalC00_skymap.fits,.fits,symlink,-1,-1,,,\home\sylvia.biscoveanu\gw240925_and_gw250207\data\skymaps\S240925n\PROD6_skymap.fits,False,,,skymap,
E:\clone\ligo-gw240925-gw250207-release\18600070\skymaps\skymaps\S240925n\IMRPhenomXPHM-SpinTaylor_nocalC00_skymap.fits,skymaps\skymaps\S240925n\IMRPhenomXPHM-SpinTaylor_nocalC00_skymap.fits,skymaps\skymaps\S240925n,IMRPhenomXPHM-SpinTaylor_nocalC00_skymap.fits,.fits,symlink,-1,-1,,,\home\sylvia.biscoveanu\gw240925_and_gw250207\data\skymaps\S240925n\PROD3_skymap.fits,False,,,skymap,
E:\clone\ligo-gw240925-gw250207-release\18600070\skymaps\skymaps\S240925n\IMRPhenomXPNR_envcalC00_skymap.fits,skymaps\skymaps\S240925n\IMRPhenomXPNR_envcalC00_skymap.fits,skymaps\skymaps\S240925n,IMRPhenomXPNR_envcalC00_skymap.fits,.fits,symlink,-1,-1,,,\home\sylvia.biscoveanu\gw240925_and_gw250207\data\skymaps\S240925n\PROD1_skymap.fits,False,,,skymap,
E:\clone\ligo-gw240925-gw250207-release\18600070\skymaps\skymaps\S240925n\IMRPhenomXPNR_envcalC01_skymap.fits,skymaps\skymaps\S240925n\IMRPhenomXPNR_envcalC01_skymap.fits,skymaps\skymaps\S240925n,IMRPhenomXPNR_envcalC01_skymap.fits,.fits,symlink,-1,-1,,,\home\sylvia.biscoveanu\gw240925_and_gw250207\data\skymaps\S240925n\PROD10_skymap.fits,False,,,skymap,
E:\clone\ligo-gw240925-gw250207-release\18600070\skymaps\skymaps\S240925n\IMRPhenomXPNR_flatcalC00_skymap.fits,skymaps\skymaps\S240925n\IMRPhenomXPNR_flatcalC00_skymap.fits,skymaps\skymaps\S240925n,IMRPhenomXPNR_flatcalC00_skymap.fits,.fits,symlink,-1,-1,,,\home\sylvia.biscoveanu\gw240925_and_gw250207\data\skymaps\S240925n\PROD7_skymap.fits,False,,,skymap,
E:\clone\ligo-gw240925-gw250207-release\18600070\skymaps\skymaps\S240925n\IMRPhenomXPNR_nocalC00_skymap.fits,skymaps\skymaps\S240925n\IMRPhenomXPNR_nocalC00_skymap.fits,skymaps\skymaps\S240925n,IMRPhenomXPNR_nocalC00_skymap.fits,.fits,symlink,-1,-1,,,\home\sylvia.biscoveanu\gw240925_and_gw250207\data\skymaps\S240925n\PROD4_skymap.fits,False,,,skymap,
E:\clone\ligo-gw240925-gw250207-release\18600070\skymaps\skymaps\S240925n\SEOBNRv5PHM_envcalC00_skymap.fits,skymaps\skymaps\S240925n\SEOBNRv5PHM_envcalC00_skymap.fits,skymaps\skymaps\S240925n,SEOBNRv5PHM_envcalC00_skymap.fits,.fits,symlink,-1,-1,,,\home\sylvia.biscoveanu\gw240925_and_gw250207\data\skymaps\S240925n\PROD2_skymap.fits,False,,,skymap,
E:\clone\ligo-gw240925-gw250207-release\18600070\skymaps\skymaps\S240925n\SEOBNRv5PHM_envcalC01_skymap.fits,skymaps\skymaps\S240925n\SEOBNRv5PHM_envcalC01_skymap.fits,skymaps\skymaps\S240925n,SEOBNRv5PHM_envcalC01_skymap.fits,.fits,symlink,-1,-1,,,\home\sylvia.biscoveanu\gw240925_and_gw250207\data\skymaps\S240925n\PROD11_skymap.fits,False,,,skymap,
E:\clone\ligo-gw240925-gw250207-release\18600070\skymaps\skymaps\S240925n\SEOBNRv5PHM_flatcalC00_skymap.fits,skymaps\skymaps\S240925n\SEOBNRv5PHM_flatcalC00_skymap.fits,skymaps\skymaps\S240925n,SEOBNRv5PHM_flatcalC00_skymap.fits,.fits,symlink,-1,-1,,,\home\sylvia.biscoveanu\gw240925_and_gw250207\data\skymaps\S240925n\PROD8_skymap.fits,False,,,skymap,
E:\clone\ligo-gw240925-gw250207-release\18600070\skymaps\skymaps\S240925n\SEOBNRv5PHM_nocalC00_skymap.fits,skymaps\skymaps\S240925n\SEOBNRv5PHM_nocalC00_skymap.fits,skymaps\skymaps\S240925n,SEOBNRv5PHM_nocalC00_skymap.fits,.fits,symlink,-1,-1,,,\home\sylvia.biscoveanu\gw240925_and_gw250207\data\skymaps\S240925n\PROD5_skymap.fits,False,,,skymap,
E:\clone\ligo-gw240925-gw250207-release\18600070\skymaps\skymaps\S250207bg\bayestar.multiorder.fits,skymaps\skymaps\S250207bg\bayestar.multiorder.fits,skymaps\skymaps\S250207bg,bayestar.multiorder.fits,.fits,symlink,-1,-1,,,\home\sylvia.biscoveanu\gw240925_and_gw250207\data\skymaps\S250207bg\bayestar.multiorder.fits,False,,,skymap,
E:\clone\ligo-gw240925-gw250207-release\18600070\skymaps\skymaps\S250207bg\Bilby.multiorder.fits,skymaps\skymaps\S250207bg\Bilby.multiorder.fits,skymaps\skymaps\S250207bg,Bilby.multiorder.fits,.fits,symlink,-1,-1,,,\home\sylvia.biscoveanu\gw240925_and_gw250207\data\skymaps\S250207bg\Bilby.multiorder.fits,False,,,skymap,
E:\clone\ligo-gw240925-gw250207-release\18600070\skymaps\skymaps\S250207bg\combinedPHM_cal_skymap.fits,skymaps\skymaps\S250207bg\combinedPHM_cal_skymap.fits,skymaps\skymaps\S250207bg,combinedPHM_cal_skymap.fits,.fits,symlink,-1,-1,,,\home\sylvia.biscoveanu\gw240925_and_gw250207\data\skymaps\S250207bg\combinedPHM_cal_skymap.fits,False,,,skymap,
E:\clone\ligo-gw240925-gw250207-release\18600070\skymaps\skymaps\S250207bg\combinedPHM_H1cal_skymap.fits,skymaps\skymaps\S250207bg\combinedPHM_H1cal_skymap.fits,skymaps\skymaps\S250207bg,combinedPHM_H1cal_skymap.fits,.fits,symlink,-1,-1,,,\home\sylvia.biscoveanu\gw240925_and_gw250207\data\skymaps\S250207bg\combinedPHM_H1cal_skymap.fits,False,,,skymap,
E:\clone\ligo-gw240925-gw250207-release\18600070\skymaps\skymaps\S250207bg\combinedPHM_nocal_skymap.fits,skymaps\skymaps\S250207bg\combinedPHM_nocal_skymap.fits,skymaps\skymaps\S250207bg,combinedPHM_nocal_skymap.fits,.fits,symlink,-1,-1,,,\home\sylvia.biscoveanu\gw240925_and_gw250207\data\skymaps\S250207bg\combinedPHM_nocal_skymap.fits,False,,,skymap,
E:\clone\ligo-gw240925-gw250207-release\18600070\skymaps\skymaps\S250207bg\IMRPhenomXAS_cal_skymap.fits,skymaps\skymaps\S250207bg\IMRPhenomXAS_cal_skymap.fits,skymaps\skymaps\S250207bg,IMRPhenomXAS_cal_skymap.fits,.fits,symlink,-1,-1,,,\home\sylvia.biscoveanu\gw240925_and_gw250207\data\skymaps\S250207bg\PROD4_skymap.fits,False,,,skymap,
E:\clone\ligo-gw240925-gw250207-release\18600070\skymaps\skymaps\S250207bg\IMRPhenomXAS_nocal_skymap.fits,skymaps\skymaps\S250207bg\IMRPhenomXAS_nocal_skymap.fits,skymaps\skymaps\S250207bg,IMRPhenomXAS_nocal_skymap.fits,.fits,symlink,-1,-1,,,\home\sylvia.biscoveanu\gw240925_and_gw250207\data\skymaps\S250207bg\PROD9_skymap.fits,False,,,skymap,
E:\clone\ligo-gw240925-gw250207-release\18600070\skymaps\skymaps\S250207bg\IMRPhenomXPHM-SpinTaylor_cal_skymap.fits,skymaps\skymaps\S250207bg\IMRPhenomXPHM-SpinTaylor_cal_skymap.fits,skymaps\skymaps\S250207bg,IMRPhenomXPHM-SpinTaylor_cal_skymap.fits,.fits,symlink,-1,-1,,,\home\sylvia.biscoveanu\gw240925_and_gw250207\data\skymaps\S250207bg\PROD0_skymap.fits,False,,,skymap,
E:\clone\ligo-gw240925-gw250207-release\18600070\skymaps\skymaps\S250207bg\IMRPhenomXPHM-SpinTaylor_H1cal_skymap.fits,skymaps\skymaps\S250207bg\IMRPhenomXPHM-SpinTaylor_H1cal_skymap.fits,skymaps\skymaps\S250207bg,IMRPhenomXPHM-SpinTaylor_H1cal_skymap.fits,.fits,symlink,-1,-1,,,\home\sylvia.biscoveanu\gw240925_and_gw250207\data\skymaps\S250207bg\PROD10_skymap.fits,False,,,skymap,
E:\clone\ligo-gw240925-gw250207-release\18600070\skymaps\skymaps\S250207bg\IMRPhenomXPHM-SpinTaylor_nocal_skymap.fits,skymaps\skymaps\S250207bg\IMRPhenomXPHM-SpinTaylor_nocal_skymap.fits,skymaps\skymaps\S250207bg,IMRPhenomXPHM-SpinTaylor_nocal_skymap.fits,.fits,symlink,-1,-1,,,\home\sylvia.biscoveanu\gw240925_and_gw250207\data\skymaps\S250207bg\PROD5_skymap.fits,False,,,skymap,
E:\clone\ligo-gw240925-gw250207-release\18600070\skymaps\skymaps\S250207bg\IMRPhenomXPNR_cal_skymap.fits,skymaps\skymaps\S250207bg\IMRPhenomXPNR_cal_skymap.fits,skymaps\skymaps\S250207bg,IMRPhenomXPNR_cal_skymap.fits,.fits,symlink,-1,-1,,,\home\sylvia.biscoveanu\gw240925_and_gw250207\data\skymaps\S250207bg\PROD1_skymap.fits,False,,,skymap,
E:\clone\ligo-gw240925-gw250207-release\18600070\skymaps\skymaps\S250207bg\IMRPhenomXPNR_H1cal_skymap.fits,skymaps\skymaps\S250207bg\IMRPhenomXPNR_H1cal_skymap.fits,skymaps\skymaps\S250207bg,IMRPhenomXPNR_H1cal_skymap.fits,.fits,symlink,-1,-1,,,\home\sylvia.biscoveanu\gw240925_and_gw250207\data\skymaps\S250207bg\PROD12_skymap.fits,False,,,skymap,
E:\clone\ligo-gw240925-gw250207-release\18600070\skymaps\skymaps\S250207bg\IMRPhenomXPNR_nocal_skymap.fits,skymaps\skymaps\S250207bg\IMRPhenomXPNR_nocal_skymap.fits,skymaps\skymaps\S250207bg,IMRPhenomXPNR_nocal_skymap.fits,.fits,symlink,-1,-1,,,\home\sylvia.biscoveanu\gw240925_and_gw250207\data\skymaps\S250207bg\PROD6_skymap.fits,False,,,skymap,
E:\clone\ligo-gw240925-gw250207-release\18600070\skymaps\skymaps\S250207bg\NRSur7dq4_cal_skymap.fits,skymaps\skymaps\S250207bg\NRSur7dq4_cal_skymap.fits,skymaps\skymaps\S250207bg,NRSur7dq4_cal_skymap.fits,.fits,symlink,-1,-1,,,\home\sylvia.biscoveanu\gw240925_and_gw250207\data\skymaps\S250207bg\PROD2_skymap.fits,False,,,skymap,
E:\clone\ligo-gw240925-gw250207-release\18600070\skymaps\skymaps\S250207bg\NRSur7dq4_H1cal_skymap.fits,skymaps\skymaps\S250207bg\NRSur7dq4_H1cal_skymap.fits,skymaps\skymaps\S250207bg,NRSur7dq4_H1cal_skymap.fits,.fits,symlink,-1,-1,,,\home\sylvia.biscoveanu\gw240925_and_gw250207\data\skymaps\S250207bg\PROD13_skymap.fits,False,,,skymap,
E:\clone\ligo-gw240925-gw250207-release\18600070\skymaps\skymaps\S250207bg\NRSur7dq4_nocal_skymap.fits,skymaps\skymaps\S250207bg\NRSur7dq4_nocal_skymap.fits,skymaps\skymaps\S250207bg,NRSur7dq4_nocal_skymap.fits,.fits,symlink,-1,-1,,,\home\sylvia.biscoveanu\gw240925_and_gw250207\data\skymaps\S250207bg\PROD7_skymap.fits,False,,,skymap,
E:\clone\ligo-gw240925-gw250207-release\18600070\skymaps\skymaps\S250207bg\SEOBNRv5PHM_cal_skymap.fits,skymaps\skymaps\S250207bg\SEOBNRv5PHM_cal_skymap.fits,skymaps\skymaps\S250207bg,SEOBNRv5PHM_cal_skymap.fits,.fits,symlink,-1,-1,,,\home\sylvia.biscoveanu\gw240925_and_gw250207\data\skymaps\S250207bg\PROD3_skymap.fits,False,,,skymap,
E:\clone\ligo-gw240925-gw250207-release\18600070\skymaps\skymaps\S250207bg\SEOBNRv5PHM_H1cal_skymap.fits,skymaps\skymaps\S250207bg\SEOBNRv5PHM_H1cal_skymap.fits,skymaps\skymaps\S250207bg,SEOBNRv5PHM_H1cal_skymap.fits,.fits,symlink,-1,-1,,,\home\sylvia.biscoveanu\gw240925_and_gw250207\data\skymaps\S250207bg\PROD14_skymap.fits,False,,,skymap,
E:\clone\ligo-gw240925-gw250207-release\18600070\skymaps\skymaps\S250207bg\SEOBNRv5PHM_nocal_skymap.fits,skymaps\skymaps\S250207bg\SEOBNRv5PHM_nocal_skymap.fits,skymaps\skymaps\S250207bg,SEOBNRv5PHM_nocal_skymap.fits,.fits,symlink,-1,-1,,,\home\sylvia.biscoveanu\gw240925_and_gw250207\data\skymaps\S250207bg\PROD8_skymap.fits,False,,,skymap,
E:\clone\ligo-gw240925-gw250207-release\18600070\tiger\tiger,tiger\tiger,tiger,tiger,,directory,0,0,2026-05-07T15:46:48,,,,,,directory,
E:\clone\ligo-gw240925-gw250207-release\18600070\tiger\tiger\GW240925_cal,tiger\tiger\GW240925_cal,tiger\tiger,GW240925_cal,,directory,0,0,2026-02-19T09:59:13,,,,,,directory,
E:\clone\ligo-gw240925-gw250207-release\18600070\tiger\tiger\GW240925_no_cal,tiger\tiger\GW240925_no_cal,tiger\tiger,GW240925_no_cal,,directory,0,0,2026-02-19T09:38:39,,,,,,directory,
E:\clone\ligo-gw240925-gw250207-release\18600070\tiger\tiger\GW250207_cal,tiger\tiger\GW250207_cal,tiger\tiger,GW250207_cal,,directory,0,0,2026-02-18T21:18:24,,,,,,directory,
E:\clone\ligo-gw240925-gw250207-release\18600070\tiger\tiger\GW250207_no_cal,tiger\tiger\GW250207_no_cal,tiger\tiger,GW250207_no_cal,,directory,0,0,2026-02-19T09:38:04,,,,,,directory,
E:\clone\ligo-gw240925-gw250207-release\18600070\tiger\tiger\GW240925_cal\tiger_GW240925_db_1.h5,tiger\tiger\GW240925_cal\tiger_GW240925_db_1.h5,tiger\tiger\GW240925_cal,tiger_GW240925_db_1.h5,.h5,symlink,-1,-1,,,\home\tgr.o4\GW240925_GW250207\TIGER\GW240925_cal\db_1\samples\tiger_GW240925_db_1.h5,False,,,HDF5/H5 data,
E:\clone\ligo-gw240925-gw250207-release\18600070\tiger\tiger\GW240925_cal\tiger_GW240925_db_2.h5,tiger\tiger\GW240925_cal\tiger_GW240925_db_2.h5,tiger\tiger\GW240925_cal,tiger_GW240925_db_2.h5,.h5,symlink,-1,-1,,,\home\tgr.o4\GW240925_GW250207\TIGER\GW240925_cal\db_2\samples\tiger_GW240925_db_2.h5,False,,,HDF5/H5 data,
E:\clone\ligo-gw240925-gw250207-release\18600070\tiger\tiger\GW240925_cal\tiger_GW240925_db_3.h5,tiger\tiger\GW240925_cal\tiger_GW240925_db_3.h5,tiger\tiger\GW240925_cal,tiger_GW240925_db_3.h5,.h5,symlink,-1,-1,,,\home\tgr.o4\GW240925_GW250207\TIGER\GW240925_cal\db_3\samples\tiger_GW240925_db_3.h5,False,,,HDF5/H5 data,
E:\clone\ligo-gw240925-gw250207-release\18600070\tiger\tiger\GW240925_cal\tiger_GW240925_db_4.h5,tiger\tiger\GW240925_cal\tiger_GW240925_db_4.h5,tiger\tiger\GW240925_cal,tiger_GW240925_db_4.h5,.h5,symlink,-1,-1,,,\home\tgr.o4\GW240925_GW250207\TIGER\GW240925_cal\db_4\samples\tiger_GW240925_db_4.h5,False,,,HDF5/H5 data,
E:\clone\ligo-gw240925-gw250207-release\18600070\tiger\tiger\GW240925_cal\tiger_GW240925_dchi_0.h5,tiger\tiger\GW240925_cal\tiger_GW240925_dchi_0.h5,tiger\tiger\GW240925_cal,tiger_GW240925_dchi_0.h5,.h5,symlink,-1,-1,,,\home\tgr.o4\GW240925_GW250207\TIGER\GW240925_cal\dchi_0\samples\tiger_GW240925_dchi_0.h5,False,,,HDF5/H5 data,
E:\clone\ligo-gw240925-gw250207-release\18600070\tiger\tiger\GW240925_cal\tiger_GW240925_dchi_1.h5,tiger\tiger\GW240925_cal\tiger_GW240925_dchi_1.h5,tiger\tiger\GW240925_cal,tiger_GW240925_dchi_1.h5,.h5,symlink,-1,-1,,,\home\tgr.o4\GW240925_GW250207\TIGER\GW240925_cal\dchi_1\samples\tiger_GW240925_dchi_1.h5,False,,,HDF5/H5 data,
E:\clone\ligo-gw240925-gw250207-release\18600070\tiger\tiger\GW240925_cal\tiger_GW240925_dchi_2.h5,tiger\tiger\GW240925_cal\tiger_GW240925_dchi_2.h5,tiger\tiger\GW240925_cal,tiger_GW240925_dchi_2.h5,.h5,symlink,-1,-1,,,\home\tgr.o4\GW240925_GW250207\TIGER\GW240925_cal\dchi_2\samples\tiger_GW240925_dchi_2.h5,False,,,HDF5/H5 data,
E:\clone\ligo-gw240925-gw250207-release\18600070\tiger\tiger\GW240925_cal\tiger_GW240925_dchi_3.h5,tiger\tiger\GW240925_cal\tiger_GW240925_dchi_3.h5,tiger\tiger\GW240925_cal,tiger_GW240925_dchi_3.h5,.h5,symlink,-1,-1,,,\home\tgr.o4\GW240925_GW250207\TIGER\GW240925_cal\dchi_3\samples\tiger_GW240925_dchi_3.h5,False,,,HDF5/H5 data,
E:\clone\ligo-gw240925-gw250207-release\18600070\tiger\tiger\GW240925_cal\tiger_GW240925_dchi_4.h5,tiger\tiger\GW240925_cal\tiger_GW240925_dchi_4.h5,tiger\tiger\GW240925_cal,tiger_GW240925_dchi_4.h5,.h5,symlink,-1,-1,,,\home\tgr.o4\GW240925_GW250207\TIGER\GW240925_cal\dchi_4\samples\tiger_GW240925_dchi_4.h5,False,,,HDF5/H5 data,
E:\clone\ligo-gw240925-gw250207-release\18600070\tiger\tiger\GW240925_cal\tiger_GW240925_dchi_5l.h5,tiger\tiger\GW240925_cal\tiger_GW240925_dchi_5l.h5,tiger\tiger\GW240925_cal,tiger_GW240925_dchi_5l.h5,.h5,symlink,-1,-1,,,\home\tgr.o4\GW240925_GW250207\TIGER\GW240925_cal\dchi_5l\samples\tiger_GW240925_dchi_5l.h5,False,,,HDF5/H5 data,
E:\clone\ligo-gw240925-gw250207-release\18600070\tiger\tiger\GW240925_cal\tiger_GW240925_dchi_6.h5,tiger\tiger\GW240925_cal\tiger_GW240925_dchi_6.h5,tiger\tiger\GW240925_cal,tiger_GW240925_dchi_6.h5,.h5,symlink,-1,-1,,,\home\tgr.o4\GW240925_GW250207\TIGER\GW240925_cal\dchi_6\samples\tiger_GW240925_dchi_6.h5,False,,,HDF5/H5 data,
E:\clone\ligo-gw240925-gw250207-release\18600070\tiger\tiger\GW240925_cal\tiger_GW240925_dchi_6l.h5,tiger\tiger\GW240925_cal\tiger_GW240925_dchi_6l.h5,tiger\tiger\GW240925_cal,tiger_GW240925_dchi_6l.h5,.h5,symlink,-1,-1,,,\home\tgr.o4\GW240925_GW250207\TIGER\GW240925_cal\dchi_6l\samples\tiger_GW240925_dchi_6l.h5,False,,,HDF5/H5 data,
E:\clone\ligo-gw240925-gw250207-release\18600070\tiger\tiger\GW240925_cal\tiger_GW240925_dchi_7.h5,tiger\tiger\GW240925_cal\tiger_GW240925_dchi_7.h5,tiger\tiger\GW240925_cal,tiger_GW240925_dchi_7.h5,.h5,symlink,-1,-1,,,\home\tgr.o4\GW240925_GW250207\TIGER\GW240925_cal\dchi_7\samples\tiger_GW240925_dchi_7.h5,False,,,HDF5/H5 data,
E:\clone\ligo-gw240925-gw250207-release\18600070\tiger\tiger\GW240925_cal\tiger_GW240925_dchi_minus2.h5,tiger\tiger\GW240925_cal\tiger_GW240925_dchi_minus2.h5,tiger\tiger\GW240925_cal,tiger_GW240925_dchi_minus2.h5,.h5,symlink,-1,-1,,,\home\tgr.o4\GW240925_GW250207\TIGER\GW240925_cal\dchi_minus2\samples\tiger_GW240925_dchi_minus2.h5,False,,,HDF5/H5 data,
E:\clone\ligo-gw240925-gw250207-release\18600070\tiger\tiger\GW240925_cal\tiger_GW240925_dc_1.h5,tiger\tiger\GW240925_cal\tiger_GW240925_dc_1.h5,tiger\tiger\GW240925_cal,tiger_GW240925_dc_1.h5,.h5,symlink,-1,-1,,,\home\tgr.o4\GW240925_GW250207\TIGER\GW240925_cal\dc_1\samples\tiger_GW240925_dc_1.h5,False,,,HDF5/H5 data,
E:\clone\ligo-gw240925-gw250207-release\18600070\tiger\tiger\GW240925_cal\tiger_GW240925_dc_2.h5,tiger\tiger\GW240925_cal\tiger_GW240925_dc_2.h5,tiger\tiger\GW240925_cal,tiger_GW240925_dc_2.h5,.h5,symlink,-1,-1,,,\home\tgr.o4\GW240925_GW250207\TIGER\GW240925_cal\dc_2\samples\tiger_GW240925_dc_2.h5,False,,,HDF5/H5 data,
E:\clone\ligo-gw240925-gw250207-release\18600070\tiger\tiger\GW240925_cal\tiger_GW240925_dc_4.h5,tiger\tiger\GW240925_cal\tiger_GW240925_dc_4.h5,tiger\tiger\GW240925_cal,tiger_GW240925_dc_4.h5,.h5,symlink,-1,-1,,,\home\tgr.o4\GW240925_GW250207\TIGER\GW240925_cal\dc_4\samples\tiger_GW240925_dc_4.h5,False,,,HDF5/H5 data,
E:\clone\ligo-gw240925-gw250207-release\18600070\tiger\tiger\GW240925_cal\tiger_GW240925_dc_l.h5,tiger\tiger\GW240925_cal\tiger_GW240925_dc_l.h5,tiger\tiger\GW240925_cal,tiger_GW240925_dc_l.h5,.h5,symlink,-1,-1,,,\home\tgr.o4\GW240925_GW250207\TIGER\GW240925_cal\dc_l\samples\tiger_GW240925_dc_l.h5,False,,,HDF5/H5 data,
E:\clone\ligo-gw240925-gw250207-release\18600070\tiger\tiger\GW240925_no_cal\tiger_GW240925_db_1.h5,tiger\tiger\GW240925_no_cal\tiger_GW240925_db_1.h5,tiger\tiger\GW240925_no_cal,tiger_GW240925_db_1.h5,.h5,symlink,-1,-1,,,\home\tgr.o4\GW240925_GW250207\TIGER\GW240925_no_cal\db_1\samples\tiger_GW240925_db_1.h5,False,,,HDF5/H5 data,
E:\clone\ligo-gw240925-gw250207-release\18600070\tiger\tiger\GW240925_no_cal\tiger_GW240925_db_2.h5,tiger\tiger\GW240925_no_cal\tiger_GW240925_db_2.h5,tiger\tiger\GW240925_no_cal,tiger_GW240925_db_2.h5,.h5,symlink,-1,-1,,,\home\tgr.o4\GW240925_GW250207\TIGER\GW240925_no_cal\db_2\samples\tiger_GW240925_db_2.h5,False,,,HDF5/H5 data,
E:\clone\ligo-gw240925-gw250207-release\18600070\tiger\tiger\GW240925_no_cal\tiger_GW240925_db_3.h5,tiger\tiger\GW240925_no_cal\tiger_GW240925_db_3.h5,tiger\tiger\GW240925_no_cal,tiger_GW240925_db_3.h5,.h5,symlink,-1,-1,,,\home\tgr.o4\GW240925_GW250207\TIGER\GW240925_no_cal\db_3\samples\tiger_GW240925_db_3.h5,False,,,HDF5/H5 data,
E:\clone\ligo-gw240925-gw250207-release\18600070\tiger\tiger\GW240925_no_cal\tiger_GW240925_db_4.h5,tiger\tiger\GW240925_no_cal\tiger_GW240925_db_4.h5,tiger\tiger\GW240925_no_cal,tiger_GW240925_db_4.h5,.h5,symlink,-1,-1,,,\home\tgr.o4\GW240925_GW250207\TIGER\GW240925_no_cal\db_4\samples\tiger_GW240925_db_4.h5,False,,,HDF5/H5 data,
E:\clone\ligo-gw240925-gw250207-release\18600070\tiger\tiger\GW240925_no_cal\tiger_GW240925_dchi_0.h5,tiger\tiger\GW240925_no_cal\tiger_GW240925_dchi_0.h5,tiger\tiger\GW240925_no_cal,tiger_GW240925_dchi_0.h5,.h5,symlink,-1,-1,,,\home\tgr.o4\GW240925_GW250207\TIGER\GW240925_no_cal\dchi_0\samples\tiger_GW240925_dchi_0.h5,False,,,HDF5/H5 data,
E:\clone\ligo-gw240925-gw250207-release\18600070\tiger\tiger\GW240925_no_cal\tiger_GW240925_dchi_1.h5,tiger\tiger\GW240925_no_cal\tiger_GW240925_dchi_1.h5,tiger\tiger\GW240925_no_cal,tiger_GW240925_dchi_1.h5,.h5,symlink,-1,-1,,,\home\tgr.o4\GW240925_GW250207\TIGER\GW240925_no_cal\dchi_1\samples\tiger_GW240925_dchi_1.h5,False,,,HDF5/H5 data,
E:\clone\ligo-gw240925-gw250207-release\18600070\tiger\tiger\GW240925_no_cal\tiger_GW240925_dchi_2.h5,tiger\tiger\GW240925_no_cal\tiger_GW240925_dchi_2.h5,tiger\tiger\GW240925_no_cal,tiger_GW240925_dchi_2.h5,.h5,symlink,-1,-1,,,\home\tgr.o4\GW240925_GW250207\TIGER\GW240925_no_cal\dchi_2\samples\tiger_GW240925_dchi_2.h5,False,,,HDF5/H5 data,
E:\clone\ligo-gw240925-gw250207-release\18600070\tiger\tiger\GW240925_no_cal\tiger_GW240925_dchi_3.h5,tiger\tiger\GW240925_no_cal\tiger_GW240925_dchi_3.h5,tiger\tiger\GW240925_no_cal,tiger_GW240925_dchi_3.h5,.h5,symlink,-1,-1,,,\home\tgr.o4\GW240925_GW250207\TIGER\GW240925_no_cal\dchi_3\samples\tiger_GW240925_dchi_3.h5,False,,,HDF5/H5 data,
E:\clone\ligo-gw240925-gw250207-release\18600070\tiger\tiger\GW240925_no_cal\tiger_GW240925_dchi_4.h5,tiger\tiger\GW240925_no_cal\tiger_GW240925_dchi_4.h5,tiger\tiger\GW240925_no_cal,tiger_GW240925_dchi_4.h5,.h5,symlink,-1,-1,,,\home\tgr.o4\GW240925_GW250207\TIGER\GW240925_no_cal\dchi_4\samples\tiger_GW240925_dchi_4.h5,False,,,HDF5/H5 data,
E:\clone\ligo-gw240925-gw250207-release\18600070\tiger\tiger\GW240925_no_cal\tiger_GW240925_dchi_5l.h5,tiger\tiger\GW240925_no_cal\tiger_GW240925_dchi_5l.h5,tiger\tiger\GW240925_no_cal,tiger_GW240925_dchi_5l.h5,.h5,symlink,-1,-1,,,\home\tgr.o4\GW240925_GW250207\TIGER\GW240925_no_cal\dchi_5l\samples\tiger_GW240925_dchi_5l.h5,False,,,HDF5/H5 data,
E:\clone\ligo-gw240925-gw250207-release\18600070\tiger\tiger\GW240925_no_cal\tiger_GW240925_dchi_6.h5,tiger\tiger\GW240925_no_cal\tiger_GW240925_dchi_6.h5,tiger\tiger\GW240925_no_cal,tiger_GW240925_dchi_6.h5,.h5,symlink,-1,-1,,,\home\tgr.o4\GW240925_GW250207\TIGER\GW240925_no_cal\dchi_6\samples\tiger_GW240925_dchi_6.h5,False,,,HDF5/H5 data,
E:\clone\ligo-gw240925-gw250207-release\18600070\tiger\tiger\GW240925_no_cal\tiger_GW240925_dchi_6l.h5,tiger\tiger\GW240925_no_cal\tiger_GW240925_dchi_6l.h5,tiger\tiger\GW240925_no_cal,tiger_GW240925_dchi_6l.h5,.h5,symlink,-1,-1,,,\home\tgr.o4\GW240925_GW250207\TIGER\GW240925_no_cal\dchi_6l\samples\tiger_GW240925_dchi_6l.h5,False,,,HDF5/H5 data,
E:\clone\ligo-gw240925-gw250207-release\18600070\tiger\tiger\GW240925_no_cal\tiger_GW240925_dchi_7.h5,tiger\tiger\GW240925_no_cal\tiger_GW240925_dchi_7.h5,tiger\tiger\GW240925_no_cal,tiger_GW240925_dchi_7.h5,.h5,symlink,-1,-1,,,\home\tgr.o4\GW240925_GW250207\TIGER\GW240925_no_cal\dchi_7\samples\tiger_GW240925_dchi_7.h5,False,,,HDF5/H5 data,
E:\clone\ligo-gw240925-gw250207-release\18600070\tiger\tiger\GW240925_no_cal\tiger_GW240925_dchi_minus2.h5,tiger\tiger\GW240925_no_cal\tiger_GW240925_dchi_minus2.h5,tiger\tiger\GW240925_no_cal,tiger_GW240925_dchi_minus2.h5,.h5,symlink,-1,-1,,,\home\tgr.o4\GW240925_GW250207\TIGER\GW240925_no_cal\dchi_minus2\samples\tiger_GW240925_dchi_minus2.h5,False,,,HDF5/H5 data,
E:\clone\ligo-gw240925-gw250207-release\18600070\tiger\tiger\GW240925_no_cal\tiger_GW240925_dc_1.h5,tiger\tiger\GW240925_no_cal\tiger_GW240925_dc_1.h5,tiger\tiger\GW240925_no_cal,tiger_GW240925_dc_1.h5,.h5,symlink,-1,-1,,,\home\tgr.o4\GW240925_GW250207\TIGER\GW240925_no_cal\dc_1\samples\tiger_GW240925_dc_1.h5,False,,,HDF5/H5 data,
E:\clone\ligo-gw240925-gw250207-release\18600070\tiger\tiger\GW240925_no_cal\tiger_GW240925_dc_2.h5,tiger\tiger\GW240925_no_cal\tiger_GW240925_dc_2.h5,tiger\tiger\GW240925_no_cal,tiger_GW240925_dc_2.h5,.h5,symlink,-1,-1,,,\home\tgr.o4\GW240925_GW250207\TIGER\GW240925_no_cal\dc_2\samples\tiger_GW240925_dc_2.h5,False,,,HDF5/H5 data,
E:\clone\ligo-gw240925-gw250207-release\18600070\tiger\tiger\GW240925_no_cal\tiger_GW240925_dc_4.h5,tiger\tiger\GW240925_no_cal\tiger_GW240925_dc_4.h5,tiger\tiger\GW240925_no_cal,tiger_GW240925_dc_4.h5,.h5,symlink,-1,-1,,,\home\tgr.o4\GW240925_GW250207\TIGER\GW240925_no_cal\dc_4\samples\tiger_GW240925_dc_4.h5,False,,,HDF5/H5 data,
E:\clone\ligo-gw240925-gw250207-release\18600070\tiger\tiger\GW240925_no_cal\tiger_GW240925_dc_l.h5,tiger\tiger\GW240925_no_cal\tiger_GW240925_dc_l.h5,tiger\tiger\GW240925_no_cal,tiger_GW240925_dc_l.h5,.h5,symlink,-1,-1,,,\home\tgr.o4\GW240925_GW250207\TIGER\GW240925_no_cal\dc_l\samples\tiger_GW240925_dc_l.h5,False,,,HDF5/H5 data,
E:\clone\ligo-gw240925-gw250207-release\18600070\tiger\tiger\GW250207_cal\tiger_GW250207_db_1.h5,tiger\tiger\GW250207_cal\tiger_GW250207_db_1.h5,tiger\tiger\GW250207_cal,tiger_GW250207_db_1.h5,.h5,symlink,-1,-1,,,\home\tgr.o4\GW240925_GW250207\TIGER\GW250207_cal\db_1\samples\tiger_GW250207_db_1.h5,False,,,HDF5/H5 data,
E:\clone\ligo-gw240925-gw250207-release\18600070\tiger\tiger\GW250207_cal\tiger_GW250207_db_2.h5,tiger\tiger\GW250207_cal\tiger_GW250207_db_2.h5,tiger\tiger\GW250207_cal,tiger_GW250207_db_2.h5,.h5,symlink,-1,-1,,,\home\tgr.o4\GW240925_GW250207\TIGER\GW250207_cal\db_2\samples\tiger_GW250207_db_2.h5,False,,,HDF5/H5 data,
E:\clone\ligo-gw240925-gw250207-release\18600070\tiger\tiger\GW250207_cal\tiger_GW250207_db_3.h5,tiger\tiger\GW250207_cal\tiger_GW250207_db_3.h5,tiger\tiger\GW250207_cal,tiger_GW250207_db_3.h5,.h5,symlink,-1,-1,,,\home\tgr.o4\GW240925_GW250207\TIGER\GW250207_cal\db_3\samples\tiger_GW250207_db_3.h5,False,,,HDF5/H5 data,
E:\clone\ligo-gw240925-gw250207-release\18600070\tiger\tiger\GW250207_cal\tiger_GW250207_db_4.h5,tiger\tiger\GW250207_cal\tiger_GW250207_db_4.h5,tiger\tiger\GW250207_cal,tiger_GW250207_db_4.h5,.h5,symlink,-1,-1,,,\home\tgr.o4\GW240925_GW250207\TIGER\GW250207_cal\db_4\samples\tiger_GW250207_db_4.h5,False,,,HDF5/H5 data,
E:\clone\ligo-gw240925-gw250207-release\18600070\tiger\tiger\GW250207_cal\tiger_GW250207_dchi_0.h5,tiger\tiger\GW250207_cal\tiger_GW250207_dchi_0.h5,tiger\tiger\GW250207_cal,tiger_GW250207_dchi_0.h5,.h5,symlink,-1,-1,,,\home\tgr.o4\GW240925_GW250207\TIGER\GW250207_cal\dchi_0\samples\tiger_GW250207_dchi_0.h5,False,,,HDF5/H5 data,
E:\clone\ligo-gw240925-gw250207-release\18600070\tiger\tiger\GW250207_cal\tiger_GW250207_dchi_1.h5,tiger\tiger\GW250207_cal\tiger_GW250207_dchi_1.h5,tiger\tiger\GW250207_cal,tiger_GW250207_dchi_1.h5,.h5,symlink,-1,-1,,,\home\tgr.o4\GW240925_GW250207\TIGER\GW250207_cal\dchi_1\samples\tiger_GW250207_dchi_1.h5,False,,,HDF5/H5 data,
E:\clone\ligo-gw240925-gw250207-release\18600070\tiger\tiger\GW250207_cal\tiger_GW250207_dchi_2.h5,tiger\tiger\GW250207_cal\tiger_GW250207_dchi_2.h5,tiger\tiger\GW250207_cal,tiger_GW250207_dchi_2.h5,.h5,symlink,-1,-1,,,\home\tgr.o4\GW240925_GW250207\TIGER\GW250207_cal\dchi_2\samples\tiger_GW250207_dchi_2.h5,False,,,HDF5/H5 data,
E:\clone\ligo-gw240925-gw250207-release\18600070\tiger\tiger\GW250207_cal\tiger_GW250207_dchi_3.h5,tiger\tiger\GW250207_cal\tiger_GW250207_dchi_3.h5,tiger\tiger\GW250207_cal,tiger_GW250207_dchi_3.h5,.h5,symlink,-1,-1,,,\home\tgr.o4\GW240925_GW250207\TIGER\GW250207_cal\dchi_3\samples\tiger_GW250207_dchi_3.h5,False,,,HDF5/H5 data,
E:\clone\ligo-gw240925-gw250207-release\18600070\tiger\tiger\GW250207_cal\tiger_GW250207_dchi_4.h5,tiger\tiger\GW250207_cal\tiger_GW250207_dchi_4.h5,tiger\tiger\GW250207_cal,tiger_GW250207_dchi_4.h5,.h5,symlink,-1,-1,,,\home\tgr.o4\GW240925_GW250207\TIGER\GW250207_cal\dchi_4\samples\tiger_GW250207_dchi_4.h5,False,,,HDF5/H5 data,
E:\clone\ligo-gw240925-gw250207-release\18600070\tiger\tiger\GW250207_cal\tiger_GW250207_dchi_5l.h5,tiger\tiger\GW250207_cal\tiger_GW250207_dchi_5l.h5,tiger\tiger\GW250207_cal,tiger_GW250207_dchi_5l.h5,.h5,symlink,-1,-1,,,\home\tgr.o4\GW240925_GW250207\TIGER\GW250207_cal\dchi_5l\samples\tiger_GW250207_dchi_5l.h5,False,,,HDF5/H5 data,
E:\clone\ligo-gw240925-gw250207-release\18600070\tiger\tiger\GW250207_cal\tiger_GW250207_dchi_6.h5,tiger\tiger\GW250207_cal\tiger_GW250207_dchi_6.h5,tiger\tiger\GW250207_cal,tiger_GW250207_dchi_6.h5,.h5,symlink,-1,-1,,,\home\tgr.o4\GW240925_GW250207\TIGER\GW250207_cal\dchi_6\samples\tiger_GW250207_dchi_6.h5,False,,,HDF5/H5 data,
E:\clone\ligo-gw240925-gw250207-release\18600070\tiger\tiger\GW250207_cal\tiger_GW250207_dchi_6l.h5,tiger\tiger\GW250207_cal\tiger_GW250207_dchi_6l.h5,tiger\tiger\GW250207_cal,tiger_GW250207_dchi_6l.h5,.h5,symlink,-1,-1,,,\home\tgr.o4\GW240925_GW250207\TIGER\GW250207_cal\dchi_6l\samples\tiger_GW250207_dchi_6l.h5,False,,,HDF5/H5 data,
E:\clone\ligo-gw240925-gw250207-release\18600070\tiger\tiger\GW250207_cal\tiger_GW250207_dchi_7.h5,tiger\tiger\GW250207_cal\tiger_GW250207_dchi_7.h5,tiger\tiger\GW250207_cal,tiger_GW250207_dchi_7.h5,.h5,symlink,-1,-1,,,\home\tgr.o4\GW240925_GW250207\TIGER\GW250207_cal\dchi_7\samples\tiger_GW250207_dchi_7.h5,False,,,HDF5/H5 data,
E:\clone\ligo-gw240925-gw250207-release\18600070\tiger\tiger\GW250207_cal\tiger_GW250207_dchi_minus2.h5,tiger\tiger\GW250207_cal\tiger_GW250207_dchi_minus2.h5,tiger\tiger\GW250207_cal,tiger_GW250207_dchi_minus2.h5,.h5,symlink,-1,-1,,,\home\tgr.o4\GW240925_GW250207\TIGER\GW250207_cal\dchi_minus2\samples\tiger_GW250207_dchi_minus2.h5,False,,,HDF5/H5 data,
E:\clone\ligo-gw240925-gw250207-release\18600070\tiger\tiger\GW250207_cal\tiger_GW250207_dc_1.h5,tiger\tiger\GW250207_cal\tiger_GW250207_dc_1.h5,tiger\tiger\GW250207_cal,tiger_GW250207_dc_1.h5,.h5,symlink,-1,-1,,,\home\tgr.o4\GW240925_GW250207\TIGER\GW250207_cal\dc_1\samples\tiger_GW250207_dc_1.h5,False,,,HDF5/H5 data,
E:\clone\ligo-gw240925-gw250207-release\18600070\tiger\tiger\GW250207_cal\tiger_GW250207_dc_2.h5,tiger\tiger\GW250207_cal\tiger_GW250207_dc_2.h5,tiger\tiger\GW250207_cal,tiger_GW250207_dc_2.h5,.h5,symlink,-1,-1,,,\home\tgr.o4\GW240925_GW250207\TIGER\GW250207_cal\dc_2\samples\tiger_GW250207_dc_2.h5,False,,,HDF5/H5 data,
E:\clone\ligo-gw240925-gw250207-release\18600070\tiger\tiger\GW250207_cal\tiger_GW250207_dc_4.h5,tiger\tiger\GW250207_cal\tiger_GW250207_dc_4.h5,tiger\tiger\GW250207_cal,tiger_GW250207_dc_4.h5,.h5,symlink,-1,-1,,,\home\tgr.o4\GW240925_GW250207\TIGER\GW250207_cal\dc_4\samples\tiger_GW250207_dc_4.h5,False,,,HDF5/H5 data,
E:\clone\ligo-gw240925-gw250207-release\18600070\tiger\tiger\GW250207_cal\tiger_GW250207_dc_l.h5,tiger\tiger\GW250207_cal\tiger_GW250207_dc_l.h5,tiger\tiger\GW250207_cal,tiger_GW250207_dc_l.h5,.h5,symlink,-1,-1,,,\home\tgr.o4\GW240925_GW250207\TIGER\GW250207_cal\dc_l\samples\tiger_GW250207_dc_l.h5,False,,,HDF5/H5 data,
E:\clone\ligo-gw240925-gw250207-release\18600070\tiger\tiger\GW250207_no_cal\tiger_GW250207_db_1.h5,tiger\tiger\GW250207_no_cal\tiger_GW250207_db_1.h5,tiger\tiger\GW250207_no_cal,tiger_GW250207_db_1.h5,.h5,symlink,-1,-1,,,\home\tgr.o4\GW240925_GW250207\TIGER\GW250207_no_cal\db_1\samples\tiger_GW250207_db_1.h5,False,,,HDF5/H5 data,
E:\clone\ligo-gw240925-gw250207-release\18600070\tiger\tiger\GW250207_no_cal\tiger_GW250207_db_2.h5,tiger\tiger\GW250207_no_cal\tiger_GW250207_db_2.h5,tiger\tiger\GW250207_no_cal,tiger_GW250207_db_2.h5,.h5,symlink,-1,-1,,,\home\tgr.o4\GW240925_GW250207\TIGER\GW250207_no_cal\db_2\samples\tiger_GW250207_db_2.h5,False,,,HDF5/H5 data,
E:\clone\ligo-gw240925-gw250207-release\18600070\tiger\tiger\GW250207_no_cal\tiger_GW250207_db_3.h5,tiger\tiger\GW250207_no_cal\tiger_GW250207_db_3.h5,tiger\tiger\GW250207_no_cal,tiger_GW250207_db_3.h5,.h5,symlink,-1,-1,,,\home\tgr.o4\GW240925_GW250207\TIGER\GW250207_no_cal\db_3\samples\tiger_GW250207_db_3.h5,False,,,HDF5/H5 data,
E:\clone\ligo-gw240925-gw250207-release\18600070\tiger\tiger\GW250207_no_cal\tiger_GW250207_db_4.h5,tiger\tiger\GW250207_no_cal\tiger_GW250207_db_4.h5,tiger\tiger\GW250207_no_cal,tiger_GW250207_db_4.h5,.h5,symlink,-1,-1,,,\home\tgr.o4\GW240925_GW250207\TIGER\GW250207_no_cal\db_4\samples\tiger_GW250207_db_4.h5,False,,,HDF5/H5 data,
E:\clone\ligo-gw240925-gw250207-release\18600070\tiger\tiger\GW250207_no_cal\tiger_GW250207_dchi_0.h5,tiger\tiger\GW250207_no_cal\tiger_GW250207_dchi_0.h5,tiger\tiger\GW250207_no_cal,tiger_GW250207_dchi_0.h5,.h5,symlink,-1,-1,,,\home\tgr.o4\GW240925_GW250207\TIGER\GW250207_no_cal\dchi_0\samples\tiger_GW250207_dchi_0.h5,False,,,HDF5/H5 data,
E:\clone\ligo-gw240925-gw250207-release\18600070\tiger\tiger\GW250207_no_cal\tiger_GW250207_dchi_1.h5,tiger\tiger\GW250207_no_cal\tiger_GW250207_dchi_1.h5,tiger\tiger\GW250207_no_cal,tiger_GW250207_dchi_1.h5,.h5,symlink,-1,-1,,,\home\tgr.o4\GW240925_GW250207\TIGER\GW250207_no_cal\dchi_1\samples\tiger_GW250207_dchi_1.h5,False,,,HDF5/H5 data,
E:\clone\ligo-gw240925-gw250207-release\18600070\tiger\tiger\GW250207_no_cal\tiger_GW250207_dchi_2.h5,tiger\tiger\GW250207_no_cal\tiger_GW250207_dchi_2.h5,tiger\tiger\GW250207_no_cal,tiger_GW250207_dchi_2.h5,.h5,symlink,-1,-1,,,\home\tgr.o4\GW240925_GW250207\TIGER\GW250207_no_cal\dchi_2\samples\tiger_GW250207_dchi_2.h5,False,,,HDF5/H5 data,
E:\clone\ligo-gw240925-gw250207-release\18600070\tiger\tiger\GW250207_no_cal\tiger_GW250207_dchi_3.h5,tiger\tiger\GW250207_no_cal\tiger_GW250207_dchi_3.h5,tiger\tiger\GW250207_no_cal,tiger_GW250207_dchi_3.h5,.h5,symlink,-1,-1,,,\home\tgr.o4\GW240925_GW250207\TIGER\GW250207_no_cal\dchi_3\samples\tiger_GW250207_dchi_3.h5,False,,,HDF5/H5 data,
E:\clone\ligo-gw240925-gw250207-release\18600070\tiger\tiger\GW250207_no_cal\tiger_GW250207_dchi_4.h5,tiger\tiger\GW250207_no_cal\tiger_GW250207_dchi_4.h5,tiger\tiger\GW250207_no_cal,tiger_GW250207_dchi_4.h5,.h5,symlink,-1,-1,,,\home\tgr.o4\GW240925_GW250207\TIGER\GW250207_no_cal\dchi_4\samples\tiger_GW250207_dchi_4.h5,False,,,HDF5/H5 data,
E:\clone\ligo-gw240925-gw250207-release\18600070\tiger\tiger\GW250207_no_cal\tiger_GW250207_dchi_5l.h5,tiger\tiger\GW250207_no_cal\tiger_GW250207_dchi_5l.h5,tiger\tiger\GW250207_no_cal,tiger_GW250207_dchi_5l.h5,.h5,symlink,-1,-1,,,\home\tgr.o4\GW240925_GW250207\TIGER\GW250207_no_cal\dchi_5l\samples\tiger_GW250207_dchi_5l.h5,False,,,HDF5/H5 data,
E:\clone\ligo-gw240925-gw250207-release\18600070\tiger\tiger\GW250207_no_cal\tiger_GW250207_dchi_6.h5,tiger\tiger\GW250207_no_cal\tiger_GW250207_dchi_6.h5,tiger\tiger\GW250207_no_cal,tiger_GW250207_dchi_6.h5,.h5,symlink,-1,-1,,,\home\tgr.o4\GW240925_GW250207\TIGER\GW250207_no_cal\dchi_6\samples\tiger_GW250207_dchi_6.h5,False,,,HDF5/H5 data,
E:\clone\ligo-gw240925-gw250207-release\18600070\tiger\tiger\GW250207_no_cal\tiger_GW250207_dchi_6l.h5,tiger\tiger\GW250207_no_cal\tiger_GW250207_dchi_6l.h5,tiger\tiger\GW250207_no_cal,tiger_GW250207_dchi_6l.h5,.h5,symlink,-1,-1,,,\home\tgr.o4\GW240925_GW250207\TIGER\GW250207_no_cal\dchi_6l\samples\tiger_GW250207_dchi_6l.h5,False,,,HDF5/H5 data,
E:\clone\ligo-gw240925-gw250207-release\18600070\tiger\tiger\GW250207_no_cal\tiger_GW250207_dchi_7.h5,tiger\tiger\GW250207_no_cal\tiger_GW250207_dchi_7.h5,tiger\tiger\GW250207_no_cal,tiger_GW250207_dchi_7.h5,.h5,symlink,-1,-1,,,\home\tgr.o4\GW240925_GW250207\TIGER\GW250207_no_cal\dchi_7\samples\tiger_GW250207_dchi_7.h5,False,,,HDF5/H5 data,
E:\clone\ligo-gw240925-gw250207-release\18600070\tiger\tiger\GW250207_no_cal\tiger_GW250207_dchi_minus2.h5,tiger\tiger\GW250207_no_cal\tiger_GW250207_dchi_minus2.h5,tiger\tiger\GW250207_no_cal,tiger_GW250207_dchi_minus2.h5,.h5,symlink,-1,-1,,,\home\tgr.o4\GW240925_GW250207\TIGER\GW250207_no_cal\dchi_minus2\samples\tiger_GW250207_dchi_minus2.h5,False,,,HDF5/H5 data,
E:\clone\ligo-gw240925-gw250207-release\18600070\tiger\tiger\GW250207_no_cal\tiger_GW250207_dc_1.h5,tiger\tiger\GW250207_no_cal\tiger_GW250207_dc_1.h5,tiger\tiger\GW250207_no_cal,tiger_GW250207_dc_1.h5,.h5,symlink,-1,-1,,,\home\tgr.o4\GW240925_GW250207\TIGER\GW250207_no_cal\dc_1\samples\tiger_GW250207_dc_1.h5,False,,,HDF5/H5 data,
E:\clone\ligo-gw240925-gw250207-release\18600070\tiger\tiger\GW250207_no_cal\tiger_GW250207_dc_2.h5,tiger\tiger\GW250207_no_cal\tiger_GW250207_dc_2.h5,tiger\tiger\GW250207_no_cal,tiger_GW250207_dc_2.h5,.h5,symlink,-1,-1,,,\home\tgr.o4\GW240925_GW250207\TIGER\GW250207_no_cal\dc_2\samples\tiger_GW250207_dc_2.h5,False,,,HDF5/H5 data,
E:\clone\ligo-gw240925-gw250207-release\18600070\tiger\tiger\GW250207_no_cal\tiger_GW250207_dc_4.h5,tiger\tiger\GW250207_no_cal\tiger_GW250207_dc_4.h5,tiger\tiger\GW250207_no_cal,tiger_GW250207_dc_4.h5,.h5,symlink,-1,-1,,,\home\tgr.o4\GW240925_GW250207\TIGER\GW250207_no_cal\dc_4\samples\tiger_GW250207_dc_4.h5,False,,,HDF5/H5 data,
E:\clone\ligo-gw240925-gw250207-release\18600070\tiger\tiger\GW250207_no_cal\tiger_GW250207_dc_l.h5,tiger\tiger\GW250207_no_cal\tiger_GW250207_dc_l.h5,tiger\tiger\GW250207_no_cal,tiger_GW250207_dc_l.h5,.h5,symlink,-1,-1,,,\home\tgr.o4\GW240925_GW250207\TIGER\GW250207_no_cal\dc_l\samples\tiger_GW250207_dc_l.h5,False,,,HDF5/H5 data,
