full_path,relative_path,entry_type,link_target,h5py_open_ok,h5py_error,top_level_groups,object_count,dataset_count,group_count,classification,basename_matches_elsewhere,resolved_target_path,notes
E:\clone\ligo-gw240925-gw250207-release\18600070\GW240925_combinedPHM_envcalC01_metafile.hdf5,GW240925_combinedPHM_envcalC01_metafile.hdf5,regular_file,,True,,C01:IMRPhenomXPHM-SpinTaylor;C01:IMRPhenomXPNR;C01:Mixed;C01:SEOBNRv5PHM;history;version,1898,1811,87,REAL_HDF5_OK,,,
E:\clone\ligo-gw240925-gw250207-release\18600070\GW250207_combinedPHM_cal_metafile.hdf5,GW250207_combinedPHM_cal_metafile.hdf5,regular_file,,True,,C00:IMRPhenomXAS;C00:IMRPhenomXPHM-SpinTaylor;C00:IMRPhenomXPNR;C00:Mixed;C00:NRSur7dq4;C00:SEOBNRv5PHM;history;version,3105,2965,140,REAL_HDF5_OK,,,
E:\clone\ligo-gw240925-gw250207-release\18600070\combined_samples\combined_samples\S240925n\combinedPHM_envcalC00_metafile.hdf5,combined_samples\combined_samples\S240925n\combinedPHM_envcalC00_metafile.hdf5,symlink,\home\sylvia.biscoveanu\gw240925_and_gw250207\data\combined_samples\S240925n\combinedPHM_envcalC00_metafile.hdf5,False,,,0,0,0,SYMLINK,,,
E:\clone\ligo-gw240925-gw250207-release\18600070\combined_samples\combined_samples\S240925n\combinedPHM_envcalC01_metafile.hdf5,combined_samples\combined_samples\S240925n\combinedPHM_envcalC01_metafile.hdf5,symlink,\home\sylvia.biscoveanu\gw240925_and_gw250207\data\combined_samples\S240925n\combinedPHM_envcalC01_metafile.hdf5,False,,,0,0,0,SYMLINK,,,
E:\clone\ligo-gw240925-gw250207-release\18600070\combined_samples\combined_samples\S240925n\combinedPHM_flatcalC00_metafile.hdf5,combined_samples\combined_samples\S240925n\combinedPHM_flatcalC00_metafile.hdf5,symlink,\home\sylvia.biscoveanu\gw240925_and_gw250207\data\combined_samples\S240925n\combinedPHM_flatcalC00_metafile.hdf5,False,,,0,0,0,SYMLINK,,,
E:\clone\ligo-gw240925-gw250207-release\18600070\combined_samples\combined_samples\S240925n\combinedPHM_nocalC00_metafile.hdf5,combined_samples\combined_samples\S240925n\combinedPHM_nocalC00_metafile.hdf5,symlink,\home\sylvia.biscoveanu\gw240925_and_gw250207\data\combined_samples\S240925n\combinedPHM_nocalC00_metafile.hdf5,False,,,0,0,0,SYMLINK,,,
E:\clone\ligo-gw240925-gw250207-release\18600070\combined_samples\combined_samples\S240925n\online_posterior_samples.h5,combined_samples\combined_samples\S240925n\online_posterior_samples.h5,regular_file,,True,,Exp0;history;version,874,849,25,REAL_HDF5_OK,,,
E:\clone\ligo-gw240925-gw250207-release\18600070\combined_samples\combined_samples\S250207bg\combinedPHM_cal_metafile.hdf5,combined_samples\combined_samples\S250207bg\combinedPHM_cal_metafile.hdf5,symlink,\home\sylvia.biscoveanu\gw240925_and_gw250207\data\combined_samples\S250207bg\combinedPHM_cal_metafile.hdf5,False,,,0,0,0,SYMLINK,,,
E:\clone\ligo-gw240925-gw250207-release\18600070\combined_samples\combined_samples\S250207bg\combinedPHM_H1cal_metafile.hdf5,combined_samples\combined_samples\S250207bg\combinedPHM_H1cal_metafile.hdf5,symlink,\home\sylvia.biscoveanu\gw240925_and_gw250207\data\combined_samples\S250207bg\combinedPHM_H1cal_metafile.hdf5,False,,,0,0,0,SYMLINK,,,
E:\clone\ligo-gw240925-gw250207-release\18600070\combined_samples\combined_samples\S250207bg\combinedPHM_nocal_metafile.hdf5,combined_samples\combined_samples\S250207bg\combinedPHM_nocal_metafile.hdf5,symlink,\home\sylvia.biscoveanu\gw240925_and_gw250207\data\combined_samples\S250207bg\combinedPHM_nocal_metafile.hdf5,False,,,0,0,0,SYMLINK,,,
E:\clone\ligo-gw240925-gw250207-release\18600070\fti\fti\S240925n_correct_cal\fti_dchi0.h5,fti\fti\S240925n_correct_cal\fti_dchi0.h5,symlink,\home\tgr.o4\GW240925_GW250207\FTI\asimov\results\S240925n_correct_cal\fti_dchi0-1\posterior_samples.h5,False,,,0,0,0,SYMLINK,,,
E:\clone\ligo-gw240925-gw250207-release\18600070\fti\fti\S240925n_correct_cal\fti_dchi1.h5,fti\fti\S240925n_correct_cal\fti_dchi1.h5,symlink,\home\tgr.o4\GW240925_GW250207\FTI\asimov\results\S240925n_correct_cal\fti_dchi1\posterior_samples.h5,False,,,0,0,0,SYMLINK,,,
E:\clone\ligo-gw240925-gw250207-release\18600070\fti\fti\S240925n_correct_cal\fti_dchi2.h5,fti\fti\S240925n_correct_cal\fti_dchi2.h5,symlink,\home\tgr.o4\GW240925_GW250207\FTI\asimov\results\S240925n_correct_cal\fti_dchi2\posterior_samples.h5,False,,,0,0,0,SYMLINK,,,
E:\clone\ligo-gw240925-gw250207-release\18600070\fti\fti\S240925n_correct_cal\fti_dchi3NS.h5,fti\fti\S240925n_correct_cal\fti_dchi3NS.h5,symlink,\home\tgr.o4\GW240925_GW250207\FTI\asimov\results\S240925n_correct_cal\fti_dchi3NS\posterior_samples.h5,False,,,0,0,0,SYMLINK,,,
E:\clone\ligo-gw240925-gw250207-release\18600070\fti\fti\S240925n_correct_cal\fti_dchi4NS.h5,fti\fti\S240925n_correct_cal\fti_dchi4NS.h5,symlink,\home\tgr.o4\GW240925_GW250207\FTI\asimov\results\S240925n_correct_cal\fti_dchi4NS\posterior_samples.h5,False,,,0,0,0,SYMLINK,,,
E:\clone\ligo-gw240925-gw250207-release\18600070\fti\fti\S240925n_correct_cal\fti_dchi5lNS.h5,fti\fti\S240925n_correct_cal\fti_dchi5lNS.h5,symlink,\home\tgr.o4\GW240925_GW250207\FTI\asimov\results\S240925n_correct_cal\fti_dchi5lNS\posterior_samples.h5,False,,,0,0,0,SYMLINK,,,
E:\clone\ligo-gw240925-gw250207-release\18600070\fti\fti\S240925n_correct_cal\fti_dchi6l.h5,fti\fti\S240925n_correct_cal\fti_dchi6l.h5,symlink,\home\tgr.o4\GW240925_GW250207\FTI\asimov\results\S240925n_correct_cal\fti_dchi6l\posterior_samples.h5,False,,,0,0,0,SYMLINK,,,
E:\clone\ligo-gw240925-gw250207-release\18600070\fti\fti\S240925n_correct_cal\fti_dchi6NS.h5,fti\fti\S240925n_correct_cal\fti_dchi6NS.h5,symlink,\home\tgr.o4\GW240925_GW250207\FTI\asimov\results\S240925n_correct_cal\fti_dchi6NS\posterior_samples.h5,False,,,0,0,0,SYMLINK,,,
E:\clone\ligo-gw240925-gw250207-release\18600070\fti\fti\S240925n_correct_cal\fti_dchi7NS.h5,fti\fti\S240925n_correct_cal\fti_dchi7NS.h5,symlink,\home\tgr.o4\GW240925_GW250207\FTI\asimov\results\S240925n_correct_cal\fti_dchi7NS\posterior_samples.h5,False,,,0,0,0,SYMLINK,,,
E:\clone\ligo-gw240925-gw250207-release\18600070\fti\fti\S240925n_correct_cal\fti_dchiMinus2.h5,fti\fti\S240925n_correct_cal\fti_dchiMinus2.h5,symlink,\home\tgr.o4\GW240925_GW250207\FTI\asimov\results\S240925n_correct_cal\fti_dchiMinus2\posterior_samples.h5,False,,,0,0,0,SYMLINK,,,
E:\clone\ligo-gw240925-gw250207-release\18600070\fti\fti\S240925n_no_cal\fti_dchi0.h5,fti\fti\S240925n_no_cal\fti_dchi0.h5,symlink,\home\tgr.o4\GW240925_GW250207\FTI\asimov\results\S240925n_no_cal\fti_dchi0-1\posterior_samples.h5,False,,,0,0,0,SYMLINK,,,
E:\clone\ligo-gw240925-gw250207-release\18600070\fti\fti\S240925n_no_cal\fti_dchi1.h5,fti\fti\S240925n_no_cal\fti_dchi1.h5,symlink,\home\tgr.o4\GW240925_GW250207\FTI\asimov\results\S240925n_no_cal\fti_dchi1\posterior_samples.h5,False,,,0,0,0,SYMLINK,,,
E:\clone\ligo-gw240925-gw250207-release\18600070\fti\fti\S240925n_no_cal\fti_dchi2.h5,fti\fti\S240925n_no_cal\fti_dchi2.h5,symlink,\home\tgr.o4\GW240925_GW250207\FTI\asimov\results\S240925n_no_cal\fti_dchi2\posterior_samples.h5,False,,,0,0,0,SYMLINK,,,
E:\clone\ligo-gw240925-gw250207-release\18600070\fti\fti\S240925n_no_cal\fti_dchi3NS.h5,fti\fti\S240925n_no_cal\fti_dchi3NS.h5,symlink,\home\tgr.o4\GW240925_GW250207\FTI\asimov\results\S240925n_no_cal\fti_dchi3NS\posterior_samples.h5,False,,,0,0,0,SYMLINK,,,
E:\clone\ligo-gw240925-gw250207-release\18600070\fti\fti\S240925n_no_cal\fti_dchi4NS.h5,fti\fti\S240925n_no_cal\fti_dchi4NS.h5,symlink,\home\tgr.o4\GW240925_GW250207\FTI\asimov\results\S240925n_no_cal\fti_dchi4NS\posterior_samples.h5,False,,,0,0,0,SYMLINK,,,
E:\clone\ligo-gw240925-gw250207-release\18600070\fti\fti\S240925n_no_cal\fti_dchi5lNS.h5,fti\fti\S240925n_no_cal\fti_dchi5lNS.h5,symlink,\home\tgr.o4\GW240925_GW250207\FTI\asimov\results\S240925n_no_cal\fti_dchi5lNS\posterior_samples.h5,False,,,0,0,0,SYMLINK,,,
E:\clone\ligo-gw240925-gw250207-release\18600070\fti\fti\S240925n_no_cal\fti_dchi6l.h5,fti\fti\S240925n_no_cal\fti_dchi6l.h5,symlink,\home\tgr.o4\GW240925_GW250207\FTI\asimov\results\S240925n_no_cal\fti_dchi6l\posterior_samples.h5,False,,,0,0,0,SYMLINK,,,
E:\clone\ligo-gw240925-gw250207-release\18600070\fti\fti\S240925n_no_cal\fti_dchi6NS.h5,fti\fti\S240925n_no_cal\fti_dchi6NS.h5,symlink,\home\tgr.o4\GW240925_GW250207\FTI\asimov\results\S240925n_no_cal\fti_dchi6NS\posterior_samples.h5,False,,,0,0,0,SYMLINK,,,
E:\clone\ligo-gw240925-gw250207-release\18600070\fti\fti\S240925n_no_cal\fti_dchi7NS.h5,fti\fti\S240925n_no_cal\fti_dchi7NS.h5,symlink,\home\tgr.o4\GW240925_GW250207\FTI\asimov\results\S240925n_no_cal\fti_dchi7NS\posterior_samples.h5,False,,,0,0,0,SYMLINK,,,
E:\clone\ligo-gw240925-gw250207-release\18600070\fti\fti\S240925n_no_cal\fti_dchiMinus2.h5,fti\fti\S240925n_no_cal\fti_dchiMinus2.h5,symlink,\home\tgr.o4\GW240925_GW250207\FTI\asimov\results\S240925n_no_cal\fti_dchiMinus2\posterior_samples.h5,False,,,0,0,0,SYMLINK,,,
E:\clone\ligo-gw240925-gw250207-release\18600070\fti\fti\S240925n_wide_cal\fti_dchi0.h5,fti\fti\S240925n_wide_cal\fti_dchi0.h5,symlink,\home\tgr.o4\GW240925_GW250207\FTI\asimov\results\S240925n_wide_cal\fti_dchi0-1\posterior_samples.h5,False,,,0,0,0,SYMLINK,,,
E:\clone\ligo-gw240925-gw250207-release\18600070\fti\fti\S240925n_wide_cal\fti_dchi1.h5,fti\fti\S240925n_wide_cal\fti_dchi1.h5,symlink,\home\tgr.o4\GW240925_GW250207\FTI\asimov\results\S240925n_wide_cal\fti_dchi1\posterior_samples.h5,False,,,0,0,0,SYMLINK,,,
E:\clone\ligo-gw240925-gw250207-release\18600070\fti\fti\S240925n_wide_cal\fti_dchi2.h5,fti\fti\S240925n_wide_cal\fti_dchi2.h5,symlink,\home\tgr.o4\GW240925_GW250207\FTI\asimov\results\S240925n_wide_cal\fti_dchi2\posterior_samples.h5,False,,,0,0,0,SYMLINK,,,
E:\clone\ligo-gw240925-gw250207-release\18600070\fti\fti\S240925n_wide_cal\fti_dchi3NS.h5,fti\fti\S240925n_wide_cal\fti_dchi3NS.h5,symlink,\home\tgr.o4\GW240925_GW250207\FTI\asimov\results\S240925n_wide_cal\fti_dchi3NS\posterior_samples.h5,False,,,0,0,0,SYMLINK,,,
E:\clone\ligo-gw240925-gw250207-release\18600070\fti\fti\S240925n_wide_cal\fti_dchi4NS.h5,fti\fti\S240925n_wide_cal\fti_dchi4NS.h5,symlink,\home\tgr.o4\GW240925_GW250207\FTI\asimov\results\S240925n_wide_cal\fti_dchi4NS\posterior_samples.h5,False,,,0,0,0,SYMLINK,,,
E:\clone\ligo-gw240925-gw250207-release\18600070\fti\fti\S240925n_wide_cal\fti_dchi5lNS.h5,fti\fti\S240925n_wide_cal\fti_dchi5lNS.h5,symlink,\home\tgr.o4\GW240925_GW250207\FTI\asimov\results\S240925n_wide_cal\fti_dchi5lNS\posterior_samples.h5,False,,,0,0,0,SYMLINK,,,
E:\clone\ligo-gw240925-gw250207-release\18600070\fti\fti\S240925n_wide_cal\fti_dchi6l.h5,fti\fti\S240925n_wide_cal\fti_dchi6l.h5,symlink,\home\tgr.o4\GW240925_GW250207\FTI\asimov\results\S240925n_wide_cal\fti_dchi6l\posterior_samples.h5,False,,,0,0,0,SYMLINK,,,
E:\clone\ligo-gw240925-gw250207-release\18600070\fti\fti\S240925n_wide_cal\fti_dchi6NS.h5,fti\fti\S240925n_wide_cal\fti_dchi6NS.h5,symlink,\home\tgr.o4\GW240925_GW250207\FTI\asimov\results\S240925n_wide_cal\fti_dchi6NS\posterior_samples.h5,False,,,0,0,0,SYMLINK,,,
E:\clone\ligo-gw240925-gw250207-release\18600070\fti\fti\S240925n_wide_cal\fti_dchi7NS.h5,fti\fti\S240925n_wide_cal\fti_dchi7NS.h5,symlink,\home\tgr.o4\GW240925_GW250207\FTI\asimov\results\S240925n_wide_cal\fti_dchi7NS\posterior_samples.h5,False,,,0,0,0,SYMLINK,,,
E:\clone\ligo-gw240925-gw250207-release\18600070\fti\fti\S240925n_wide_cal\fti_dchiMinus2.h5,fti\fti\S240925n_wide_cal\fti_dchiMinus2.h5,symlink,\home\tgr.o4\GW240925_GW250207\FTI\asimov\results\S240925n_wide_cal\fti_dchiMinus2\posterior_samples.h5,False,,,0,0,0,SYMLINK,,,
E:\clone\ligo-gw240925-gw250207-release\18600070\fti\fti\S250207bg_no_cal\fti_dchi0.h5,fti\fti\S250207bg_no_cal\fti_dchi0.h5,symlink,\home\tgr.o4\GW240925_GW250207\FTI\asimov\results\S250207bg_no_cal\fti_dchi0\posterior_samples.h5,False,,,0,0,0,SYMLINK,,,
E:\clone\ligo-gw240925-gw250207-release\18600070\fti\fti\S250207bg_no_cal\fti_dchi1.h5,fti\fti\S250207bg_no_cal\fti_dchi1.h5,symlink,\home\tgr.o4\GW240925_GW250207\FTI\asimov\results\S250207bg_no_cal\fti_dchi1\posterior_samples.h5,False,,,0,0,0,SYMLINK,,,
E:\clone\ligo-gw240925-gw250207-release\18600070\fti\fti\S250207bg_no_cal\fti_dchi2.h5,fti\fti\S250207bg_no_cal\fti_dchi2.h5,symlink,\home\tgr.o4\GW240925_GW250207\FTI\asimov\results\S250207bg_no_cal\fti_dchi2\posterior_samples.h5,False,,,0,0,0,SYMLINK,,,
E:\clone\ligo-gw240925-gw250207-release\18600070\fti\fti\S250207bg_no_cal\fti_dchi3NS.h5,fti\fti\S250207bg_no_cal\fti_dchi3NS.h5,symlink,\home\tgr.o4\GW240925_GW250207\FTI\asimov\results\S250207bg_no_cal\fti_dchi3NS\posterior_samples.h5,False,,,0,0,0,SYMLINK,,,
E:\clone\ligo-gw240925-gw250207-release\18600070\fti\fti\S250207bg_no_cal\fti_dchi4NS.h5,fti\fti\S250207bg_no_cal\fti_dchi4NS.h5,symlink,\home\tgr.o4\GW240925_GW250207\FTI\asimov\results\S250207bg_no_cal\fti_dchi4NS\posterior_samples.h5,False,,,0,0,0,SYMLINK,,,
E:\clone\ligo-gw240925-gw250207-release\18600070\fti\fti\S250207bg_no_cal\fti_dchi5lNS.h5,fti\fti\S250207bg_no_cal\fti_dchi5lNS.h5,symlink,\home\tgr.o4\GW240925_GW250207\FTI\asimov\results\S250207bg_no_cal\fti_dchi5lNS\posterior_samples.h5,False,,,0,0,0,SYMLINK,,,
E:\clone\ligo-gw240925-gw250207-release\18600070\fti\fti\S250207bg_no_cal\fti_dchi6l.h5,fti\fti\S250207bg_no_cal\fti_dchi6l.h5,symlink,\home\tgr.o4\GW240925_GW250207\FTI\asimov\results\S250207bg_no_cal\fti_dchi6l\posterior_samples.h5,False,,,0,0,0,SYMLINK,,,
E:\clone\ligo-gw240925-gw250207-release\18600070\fti\fti\S250207bg_no_cal\fti_dchi6NS.h5,fti\fti\S250207bg_no_cal\fti_dchi6NS.h5,symlink,\home\tgr.o4\GW240925_GW250207\FTI\asimov\results\S250207bg_no_cal\fti_dchi6NS\posterior_samples.h5,False,,,0,0,0,SYMLINK,,,
E:\clone\ligo-gw240925-gw250207-release\18600070\fti\fti\S250207bg_no_cal\fti_dchi7NS.h5,fti\fti\S250207bg_no_cal\fti_dchi7NS.h5,symlink,\home\tgr.o4\GW240925_GW250207\FTI\asimov\results\S250207bg_no_cal\fti_dchi7NS\posterior_samples.h5,False,,,0,0,0,SYMLINK,,,
E:\clone\ligo-gw240925-gw250207-release\18600070\fti\fti\S250207bg_no_cal\fti_dchiMinus2.h5,fti\fti\S250207bg_no_cal\fti_dchiMinus2.h5,symlink,\home\tgr.o4\GW240925_GW250207\FTI\asimov\results\S250207bg_no_cal\fti_dchiMinus2\posterior_samples.h5,False,,,0,0,0,SYMLINK,,,
E:\clone\ligo-gw240925-gw250207-release\18600070\fti\fti\S250207bg_wide_cal\fti_dchi0.h5,fti\fti\S250207bg_wide_cal\fti_dchi0.h5,symlink,\home\tgr.o4\GW240925_GW250207\FTI\asimov\results\S250207bg_wide_cal\fti_dchi0\posterior_samples.h5,False,,,0,0,0,SYMLINK,,,
E:\clone\ligo-gw240925-gw250207-release\18600070\fti\fti\S250207bg_wide_cal\fti_dchi1.h5,fti\fti\S250207bg_wide_cal\fti_dchi1.h5,symlink,\home\tgr.o4\GW240925_GW250207\FTI\asimov\results\S250207bg_wide_cal\fti_dchi1\posterior_samples.h5,False,,,0,0,0,SYMLINK,,,
E:\clone\ligo-gw240925-gw250207-release\18600070\fti\fti\S250207bg_wide_cal\fti_dchi2.h5,fti\fti\S250207bg_wide_cal\fti_dchi2.h5,symlink,\home\tgr.o4\GW240925_GW250207\FTI\asimov\results\S250207bg_wide_cal\fti_dchi2\posterior_samples.h5,False,,,0,0,0,SYMLINK,,,
E:\clone\ligo-gw240925-gw250207-release\18600070\fti\fti\S250207bg_wide_cal\fti_dchi3NS.h5,fti\fti\S250207bg_wide_cal\fti_dchi3NS.h5,symlink,\home\tgr.o4\GW240925_GW250207\FTI\asimov\results\S250207bg_wide_cal\fti_dchi3NS\posterior_samples.h5,False,,,0,0,0,SYMLINK,,,
E:\clone\ligo-gw240925-gw250207-release\18600070\fti\fti\S250207bg_wide_cal\fti_dchi4NS.h5,fti\fti\S250207bg_wide_cal\fti_dchi4NS.h5,symlink,\home\tgr.o4\GW240925_GW250207\FTI\asimov\results\S250207bg_wide_cal\fti_dchi4NS\posterior_samples.h5,False,,,0,0,0,SYMLINK,,,
E:\clone\ligo-gw240925-gw250207-release\18600070\fti\fti\S250207bg_wide_cal\fti_dchi5lNS.h5,fti\fti\S250207bg_wide_cal\fti_dchi5lNS.h5,symlink,\home\tgr.o4\GW240925_GW250207\FTI\asimov\results\S250207bg_wide_cal\fti_dchi5lNS\posterior_samples.h5,False,,,0,0,0,SYMLINK,,,
E:\clone\ligo-gw240925-gw250207-release\18600070\fti\fti\S250207bg_wide_cal\fti_dchi6l.h5,fti\fti\S250207bg_wide_cal\fti_dchi6l.h5,symlink,\home\tgr.o4\GW240925_GW250207\FTI\asimov\results\S250207bg_wide_cal\fti_dchi6l\posterior_samples.h5,False,,,0,0,0,SYMLINK,,,
E:\clone\ligo-gw240925-gw250207-release\18600070\fti\fti\S250207bg_wide_cal\fti_dchi6NS.h5,fti\fti\S250207bg_wide_cal\fti_dchi6NS.h5,symlink,\home\tgr.o4\GW240925_GW250207\FTI\asimov\results\S250207bg_wide_cal\fti_dchi6NS\posterior_samples.h5,False,,,0,0,0,SYMLINK,,,
E:\clone\ligo-gw240925-gw250207-release\18600070\fti\fti\S250207bg_wide_cal\fti_dchi7NS.h5,fti\fti\S250207bg_wide_cal\fti_dchi7NS.h5,symlink,\home\tgr.o4\GW240925_GW250207\FTI\asimov\results\S250207bg_wide_cal\fti_dchi7NS\posterior_samples.h5,False,,,0,0,0,SYMLINK,,,
E:\clone\ligo-gw240925-gw250207-release\18600070\fti\fti\S250207bg_wide_cal\fti_dchiMinus2.h5,fti\fti\S250207bg_wide_cal\fti_dchiMinus2.h5,symlink,\home\tgr.o4\GW240925_GW250207\FTI\asimov\results\S250207bg_wide_cal\fti_dchiMinus2\posterior_samples.h5,False,,,0,0,0,SYMLINK,,,
E:\clone\ligo-gw240925-gw250207-release\18600070\GW240925-C00-Strain\GW240925-C00-Strain\O4b4DiscC00_16KHZ_R1\STRAIN_HDF\H1\1410334720\H-H1_GWOSC_O4b4DiscC00_16KHZ_R1-1411260416-4096.hdf5,GW240925-C00-Strain\GW240925-C00-Strain\O4b4DiscC00_16KHZ_R1\STRAIN_HDF\H1\1410334720\H-H1_GWOSC_O4b4DiscC00_16KHZ_R1-1411260416-4096.hdf5,regular_file,,True,,meta;quality;strain,26,20,6,REAL_HDF5_OK,,,
E:\clone\ligo-gw240925-gw250207-release\18600070\GW240925-C00-Strain\GW240925-C00-Strain\O4b4DiscC00_16KHZ_R1\STRAIN_HDF\L1\1410334720\L-L1_GWOSC_O4b4DiscC00_16KHZ_R1-1411260416-4096.hdf5,GW240925-C00-Strain\GW240925-C00-Strain\O4b4DiscC00_16KHZ_R1\STRAIN_HDF\L1\1410334720\L-L1_GWOSC_O4b4DiscC00_16KHZ_R1-1411260416-4096.hdf5,regular_file,,True,,meta;quality;strain,26,20,6,REAL_HDF5_OK,,,
E:\clone\ligo-gw240925-gw250207-release\18600070\GW240925-C00-Strain\GW240925-C00-Strain\O4b4DiscC00_16KHZ_R1\STRAIN_HDF\V1\1410334720\V-V1_GWOSC_O4b4DiscC00_16KHZ_R1-1411260416-4096.hdf5,GW240925-C00-Strain\GW240925-C00-Strain\O4b4DiscC00_16KHZ_R1\STRAIN_HDF\V1\1410334720\V-V1_GWOSC_O4b4DiscC00_16KHZ_R1-1411260416-4096.hdf5,regular_file,,True,,meta;quality;strain,26,20,6,REAL_HDF5_OK,,,
E:\clone\ligo-gw240925-gw250207-release\18600070\GW240925-C00-Strain\GW240925-C00-Strain\O4b4DiscC00_4KHZ_R1\STRAIN_HDF\H1\1410334720\H-H1_GWOSC_O4b4DiscC00_4KHZ_R1-1411260416-4096.hdf5,GW240925-C00-Strain\GW240925-C00-Strain\O4b4DiscC00_4KHZ_R1\STRAIN_HDF\H1\1410334720\H-H1_GWOSC_O4b4DiscC00_4KHZ_R1-1411260416-4096.hdf5,regular_file,,True,,meta;quality;strain,26,20,6,REAL_HDF5_OK,,,
E:\clone\ligo-gw240925-gw250207-release\18600070\GW240925-C00-Strain\GW240925-C00-Strain\O4b4DiscC00_4KHZ_R1\STRAIN_HDF\L1\1410334720\L-L1_GWOSC_O4b4DiscC00_4KHZ_R1-1411260416-4096.hdf5,GW240925-C00-Strain\GW240925-C00-Strain\O4b4DiscC00_4KHZ_R1\STRAIN_HDF\L1\1410334720\L-L1_GWOSC_O4b4DiscC00_4KHZ_R1-1411260416-4096.hdf5,regular_file,,True,,meta;quality;strain,26,20,6,REAL_HDF5_OK,,,
E:\clone\ligo-gw240925-gw250207-release\18600070\GW240925-C00-Strain\GW240925-C00-Strain\O4b4DiscC00_4KHZ_R1\STRAIN_HDF\V1\1410334720\V-V1_GWOSC_O4b4DiscC00_4KHZ_R1-1411260416-4096.hdf5,GW240925-C00-Strain\GW240925-C00-Strain\O4b4DiscC00_4KHZ_R1\STRAIN_HDF\V1\1410334720\V-V1_GWOSC_O4b4DiscC00_4KHZ_R1-1411260416-4096.hdf5,regular_file,,True,,meta;quality;strain,26,20,6,REAL_HDF5_OK,,,
E:\clone\ligo-gw240925-gw250207-release\18600070\pca\pca\pca_fti_GW250207_115645_C00_none_dchi_3NS_dchi_4NS_dchi_5lNS_dchi_6NS_dchi_6l_dchi_7NS.h5,pca\pca\pca_fti_GW250207_115645_C00_none_dchi_3NS_dchi_4NS_dchi_5lNS_dchi_6NS_dchi_6l_dchi_7NS.h5,regular_file,,True,,SEOBNRv5HM_ROM-fti-6p-prod1_data0_1422964623-2584229_analysis_H1L1V1_merge;history;version,629,602,27,REAL_HDF5_OK,,,
E:\clone\ligo-gw240925-gw250207-release\18600070\pca\pca\pca_fti_GW250207_115645_C00_wide_dchi_3NS_dchi_4NS_dchi_5lNS_dchi_6NS_dchi_6l_dchi_7NS.h5,pca\pca\pca_fti_GW250207_115645_C00_wide_dchi_3NS_dchi_4NS_dchi_5lNS_dchi_6NS_dchi_6l_dchi_7NS.h5,regular_file,,True,,SEOBNRv5HM_ROM-fti-6p-prod1_data0_1422964623-2584229_analysis_H1L1V1_merge;history;version,816,788,28,REAL_HDF5_OK,,,
E:\clone\ligo-gw240925-gw250207-release\18600070\pca\pca\pca_tiger_GW240925_005809_C00_envelope_dchi_3_dchi_4_dchi_5l_dchi_6_dchi_6l_dchi_7.h5,pca\pca\pca_tiger_GW240925_005809_C00_envelope_dchi_3_dchi_4_dchi_5l_dchi_6_dchi_6l_dchi_7.h5,regular_file,,True,,IMRPhenomXPHM-tiger-6p-prod1_data0_1411261107-9842608_analysis_H1L1V1_merge;history;version,764,736,28,REAL_HDF5_OK,,,
E:\clone\ligo-gw240925-gw250207-release\18600070\pca\pca\pca_tiger_GW240925_005809_C00_none_dchi_3_dchi_4_dchi_5l_dchi_6_dchi_6l_dchi_7.h5,pca\pca\pca_tiger_GW240925_005809_C00_none_dchi_3_dchi_4_dchi_5l_dchi_6_dchi_6l_dchi_7.h5,regular_file,,True,,IMRPhenomXPHM-tiger-6p-prod1_data0_1411261107-9842608_analysis_H1L1V1_merge;history;version,577,550,27,REAL_HDF5_OK,,,
E:\clone\ligo-gw240925-gw250207-release\18600070\pca\pca\pca_tiger_GW240925_005809_C00_wide_dchi_3_dchi_4_dchi_5l_dchi_6_dchi_6l_dchi_7.h5,pca\pca\pca_tiger_GW240925_005809_C00_wide_dchi_3_dchi_4_dchi_5l_dchi_6_dchi_6l_dchi_7.h5,regular_file,,True,,IMRPhenomXPHM-tiger-6p-prod1_data0_1411261107-9842608_analysis_H1L1V1_merge;history;version,764,736,28,REAL_HDF5_OK,,,
E:\clone\ligo-gw240925-gw250207-release\18600070\pca\pca\pca_tiger_GW240925_005809_C01_envelope_dchi_3_dchi_4_dchi_5l_dchi_6_dchi_6l_dchi_7.h5,pca\pca\pca_tiger_GW240925_005809_C01_envelope_dchi_3_dchi_4_dchi_5l_dchi_6_dchi_6l_dchi_7.h5,regular_file,,True,,IMRPhenomXPHM-tiger-6p-prod1_data0_1411261107-9842608_analysis_H1L1V1_merge;history;version,764,736,28,REAL_HDF5_OK,,,
E:\clone\ligo-gw240925-gw250207-release\18600070\pca\pca\pca_tiger_GW250207_115645_C00_none_dchi_3_dchi_4_dchi_5l_dchi_6_dchi_6l_dchi_7.h5,pca\pca\pca_tiger_GW250207_115645_C00_none_dchi_3_dchi_4_dchi_5l_dchi_6_dchi_6l_dchi_7.h5,regular_file,,True,,IMRPhenomXPHM-tiger-6p-prod1_data0_1422964623-2584229_analysis_H1L1V1_merge;history;version,577,550,27,REAL_HDF5_OK,,,
E:\clone\ligo-gw240925-gw250207-release\18600070\pca\pca\pca_tiger_GW250207_115645_C00_wide_dchi_3_dchi_4_dchi_5l_dchi_6_dchi_6l_dchi_7.h5,pca\pca\pca_tiger_GW250207_115645_C00_wide_dchi_3_dchi_4_dchi_5l_dchi_6_dchi_6l_dchi_7.h5,regular_file,,True,,IMRPhenomXPHM-tiger-6p-prod1_data0_1422964623-2584229_analysis_H1L1V1_merge;history;version,764,736,28,REAL_HDF5_OK,,,
E:\clone\ligo-gw240925-gw250207-release\18600070\pseobnr\pseobnr\22_44_NoCal.hdf5,pseobnr\pseobnr\22_44_NoCal.hdf5,regular_file,,True,,__module__;__name__;constraint_parameter_keys;fixed_parameter_keys;information_gain;injection_parameters;label;log_bayes_factor;log_evidence;log_evidence_err;log_likelihood_evaluations;log_noise_evidence;log_prior_evaluations;meta_data;num_likelihood_evaluations;outdir;parameter_labels;parameter_labels_with_unit;posterior;priors,379,364,15,REAL_HDF5_OK,,,
E:\clone\ligo-gw240925-gw250207-release\18600070\pseobnr\pseobnr\22_44_WideCal.hdf5,pseobnr\pseobnr\22_44_WideCal.hdf5,regular_file,,True,,__module__;__name__;constraint_parameter_keys;fixed_parameter_keys;information_gain;injection_parameters;label;log_bayes_factor;log_evidence;log_evidence_err;log_likelihood_evaluations;log_noise_evidence;log_prior_evaluations;meta_data;num_likelihood_evaluations;outdir;parameter_labels;parameter_labels_with_unit;posterior;priors,469,454,15,REAL_HDF5_OK,,,
E:\clone\ligo-gw240925-gw250207-release\18600070\pseobnr\pseobnr\22_NoCal.hdf5,pseobnr\pseobnr\22_NoCal.hdf5,regular_file,,True,,__module__;__name__;constraint_parameter_keys;fixed_parameter_keys;information_gain;injection_parameters;label;log_bayes_factor;log_evidence;log_evidence_err;log_likelihood_evaluations;log_noise_evidence;log_prior_evaluations;meta_data;num_likelihood_evaluations;outdir;parameter_labels;parameter_labels_with_unit;posterior;priors,379,364,15,REAL_HDF5_OK,,,
E:\clone\ligo-gw240925-gw250207-release\18600070\pseobnr\pseobnr\22_NoCal_ftau.h5,pseobnr\pseobnr\22_NoCal_ftau.h5,regular_file,,True,,f220;tau220,2,2,0,REAL_HDF5_OK,,,
E:\clone\ligo-gw240925-gw250207-release\18600070\pseobnr\pseobnr\22_WideCal.hdf5,pseobnr\pseobnr\22_WideCal.hdf5,regular_file,,True,,__module__;__name__;constraint_parameter_keys;fixed_parameter_keys;information_gain;injection_parameters;label;log_bayes_factor;log_evidence;log_evidence_err;log_likelihood_evaluations;log_noise_evidence;log_prior_evaluations;meta_data;num_likelihood_evaluations;outdir;parameter_labels;parameter_labels_with_unit;posterior;priors,469,454,15,REAL_HDF5_OK,,,
E:\clone\ligo-gw240925-gw250207-release\18600070\pseobnr\pseobnr\22_WideCal_ftau.h5,pseobnr\pseobnr\22_WideCal_ftau.h5,regular_file,,True,,f220;tau220,2,2,0,REAL_HDF5_OK,,,
E:\clone\ligo-gw240925-gw250207-release\18600070\qnmrf\qnmrf\QNMRF_GW250207_Hanford_220_t=8.0M.h5,qnmrf\qnmrf\QNMRF_GW250207_Hanford_220_t=8.0M.h5,regular_file,,True,,likelihood_data,1,1,0,REAL_HDF5_OK,,,
E:\clone\ligo-gw240925-gw250207-release\18600070\qnmrf\qnmrf\QNMRF_GW250207_Livingston_220_t=8.0M.h5,qnmrf\qnmrf\QNMRF_GW250207_Livingston_220_t=8.0M.h5,regular_file,,True,,likelihood_data,1,1,0,REAL_HDF5_OK,,,
E:\clone\ligo-gw240925-gw250207-release\18600070\ringdown\ringdown\rd_GW250207_Kerr220_8M_singleIFO_prod_2048Hz_evol_20Ksamps.hdf5,ringdown\ringdown\rd_GW250207_Kerr220_8M_singleIFO_prod_2048Hz_evol_20Ksamps.hdf5,regular_file,,True,,H1_only;L1_only,10,8,2,REAL_HDF5_OK,,,
E:\clone\ligo-gw240925-gw250207-release\18600070\tiger\tiger\GW240925_cal\tiger_GW240925_db_1.h5,tiger\tiger\GW240925_cal\tiger_GW240925_db_1.h5,symlink,\home\tgr.o4\GW240925_GW250207\TIGER\GW240925_cal\db_1\samples\tiger_GW240925_db_1.h5,False,,,0,0,0,SYMLINK,,,
E:\clone\ligo-gw240925-gw250207-release\18600070\tiger\tiger\GW240925_cal\tiger_GW240925_db_2.h5,tiger\tiger\GW240925_cal\tiger_GW240925_db_2.h5,symlink,\home\tgr.o4\GW240925_GW250207\TIGER\GW240925_cal\db_2\samples\tiger_GW240925_db_2.h5,False,,,0,0,0,SYMLINK,,,
E:\clone\ligo-gw240925-gw250207-release\18600070\tiger\tiger\GW240925_cal\tiger_GW240925_db_3.h5,tiger\tiger\GW240925_cal\tiger_GW240925_db_3.h5,symlink,\home\tgr.o4\GW240925_GW250207\TIGER\GW240925_cal\db_3\samples\tiger_GW240925_db_3.h5,False,,,0,0,0,SYMLINK,,,
E:\clone\ligo-gw240925-gw250207-release\18600070\tiger\tiger\GW240925_cal\tiger_GW240925_db_4.h5,tiger\tiger\GW240925_cal\tiger_GW240925_db_4.h5,symlink,\home\tgr.o4\GW240925_GW250207\TIGER\GW240925_cal\db_4\samples\tiger_GW240925_db_4.h5,False,,,0,0,0,SYMLINK,,,
E:\clone\ligo-gw240925-gw250207-release\18600070\tiger\tiger\GW240925_cal\tiger_GW240925_dchi_0.h5,tiger\tiger\GW240925_cal\tiger_GW240925_dchi_0.h5,symlink,\home\tgr.o4\GW240925_GW250207\TIGER\GW240925_cal\dchi_0\samples\tiger_GW240925_dchi_0.h5,False,,,0,0,0,SYMLINK,,,
E:\clone\ligo-gw240925-gw250207-release\18600070\tiger\tiger\GW240925_cal\tiger_GW240925_dchi_1.h5,tiger\tiger\GW240925_cal\tiger_GW240925_dchi_1.h5,symlink,\home\tgr.o4\GW240925_GW250207\TIGER\GW240925_cal\dchi_1\samples\tiger_GW240925_dchi_1.h5,False,,,0,0,0,SYMLINK,,,
E:\clone\ligo-gw240925-gw250207-release\18600070\tiger\tiger\GW240925_cal\tiger_GW240925_dchi_2.h5,tiger\tiger\GW240925_cal\tiger_GW240925_dchi_2.h5,symlink,\home\tgr.o4\GW240925_GW250207\TIGER\GW240925_cal\dchi_2\samples\tiger_GW240925_dchi_2.h5,False,,,0,0,0,SYMLINK,,,
E:\clone\ligo-gw240925-gw250207-release\18600070\tiger\tiger\GW240925_cal\tiger_GW240925_dchi_3.h5,tiger\tiger\GW240925_cal\tiger_GW240925_dchi_3.h5,symlink,\home\tgr.o4\GW240925_GW250207\TIGER\GW240925_cal\dchi_3\samples\tiger_GW240925_dchi_3.h5,False,,,0,0,0,SYMLINK,,,
E:\clone\ligo-gw240925-gw250207-release\18600070\tiger\tiger\GW240925_cal\tiger_GW240925_dchi_4.h5,tiger\tiger\GW240925_cal\tiger_GW240925_dchi_4.h5,symlink,\home\tgr.o4\GW240925_GW250207\TIGER\GW240925_cal\dchi_4\samples\tiger_GW240925_dchi_4.h5,False,,,0,0,0,SYMLINK,,,
E:\clone\ligo-gw240925-gw250207-release\18600070\tiger\tiger\GW240925_cal\tiger_GW240925_dchi_5l.h5,tiger\tiger\GW240925_cal\tiger_GW240925_dchi_5l.h5,symlink,\home\tgr.o4\GW240925_GW250207\TIGER\GW240925_cal\dchi_5l\samples\tiger_GW240925_dchi_5l.h5,False,,,0,0,0,SYMLINK,,,
E:\clone\ligo-gw240925-gw250207-release\18600070\tiger\tiger\GW240925_cal\tiger_GW240925_dchi_6.h5,tiger\tiger\GW240925_cal\tiger_GW240925_dchi_6.h5,symlink,\home\tgr.o4\GW240925_GW250207\TIGER\GW240925_cal\dchi_6\samples\tiger_GW240925_dchi_6.h5,False,,,0,0,0,SYMLINK,,,
E:\clone\ligo-gw240925-gw250207-release\18600070\tiger\tiger\GW240925_cal\tiger_GW240925_dchi_6l.h5,tiger\tiger\GW240925_cal\tiger_GW240925_dchi_6l.h5,symlink,\home\tgr.o4\GW240925_GW250207\TIGER\GW240925_cal\dchi_6l\samples\tiger_GW240925_dchi_6l.h5,False,,,0,0,0,SYMLINK,,,
E:\clone\ligo-gw240925-gw250207-release\18600070\tiger\tiger\GW240925_cal\tiger_GW240925_dchi_7.h5,tiger\tiger\GW240925_cal\tiger_GW240925_dchi_7.h5,symlink,\home\tgr.o4\GW240925_GW250207\TIGER\GW240925_cal\dchi_7\samples\tiger_GW240925_dchi_7.h5,False,,,0,0,0,SYMLINK,,,
E:\clone\ligo-gw240925-gw250207-release\18600070\tiger\tiger\GW240925_cal\tiger_GW240925_dchi_minus2.h5,tiger\tiger\GW240925_cal\tiger_GW240925_dchi_minus2.h5,symlink,\home\tgr.o4\GW240925_GW250207\TIGER\GW240925_cal\dchi_minus2\samples\tiger_GW240925_dchi_minus2.h5,False,,,0,0,0,SYMLINK,,,
E:\clone\ligo-gw240925-gw250207-release\18600070\tiger\tiger\GW240925_cal\tiger_GW240925_dc_1.h5,tiger\tiger\GW240925_cal\tiger_GW240925_dc_1.h5,symlink,\home\tgr.o4\GW240925_GW250207\TIGER\GW240925_cal\dc_1\samples\tiger_GW240925_dc_1.h5,False,,,0,0,0,SYMLINK,,,
E:\clone\ligo-gw240925-gw250207-release\18600070\tiger\tiger\GW240925_cal\tiger_GW240925_dc_2.h5,tiger\tiger\GW240925_cal\tiger_GW240925_dc_2.h5,symlink,\home\tgr.o4\GW240925_GW250207\TIGER\GW240925_cal\dc_2\samples\tiger_GW240925_dc_2.h5,False,,,0,0,0,SYMLINK,,,
E:\clone\ligo-gw240925-gw250207-release\18600070\tiger\tiger\GW240925_cal\tiger_GW240925_dc_4.h5,tiger\tiger\GW240925_cal\tiger_GW240925_dc_4.h5,symlink,\home\tgr.o4\GW240925_GW250207\TIGER\GW240925_cal\dc_4\samples\tiger_GW240925_dc_4.h5,False,,,0,0,0,SYMLINK,,,
E:\clone\ligo-gw240925-gw250207-release\18600070\tiger\tiger\GW240925_cal\tiger_GW240925_dc_l.h5,tiger\tiger\GW240925_cal\tiger_GW240925_dc_l.h5,symlink,\home\tgr.o4\GW240925_GW250207\TIGER\GW240925_cal\dc_l\samples\tiger_GW240925_dc_l.h5,False,,,0,0,0,SYMLINK,,,
E:\clone\ligo-gw240925-gw250207-release\18600070\tiger\tiger\GW240925_no_cal\tiger_GW240925_db_1.h5,tiger\tiger\GW240925_no_cal\tiger_GW240925_db_1.h5,symlink,\home\tgr.o4\GW240925_GW250207\TIGER\GW240925_no_cal\db_1\samples\tiger_GW240925_db_1.h5,False,,,0,0,0,SYMLINK,,,
E:\clone\ligo-gw240925-gw250207-release\18600070\tiger\tiger\GW240925_no_cal\tiger_GW240925_db_2.h5,tiger\tiger\GW240925_no_cal\tiger_GW240925_db_2.h5,symlink,\home\tgr.o4\GW240925_GW250207\TIGER\GW240925_no_cal\db_2\samples\tiger_GW240925_db_2.h5,False,,,0,0,0,SYMLINK,,,
E:\clone\ligo-gw240925-gw250207-release\18600070\tiger\tiger\GW240925_no_cal\tiger_GW240925_db_3.h5,tiger\tiger\GW240925_no_cal\tiger_GW240925_db_3.h5,symlink,\home\tgr.o4\GW240925_GW250207\TIGER\GW240925_no_cal\db_3\samples\tiger_GW240925_db_3.h5,False,,,0,0,0,SYMLINK,,,
E:\clone\ligo-gw240925-gw250207-release\18600070\tiger\tiger\GW240925_no_cal\tiger_GW240925_db_4.h5,tiger\tiger\GW240925_no_cal\tiger_GW240925_db_4.h5,symlink,\home\tgr.o4\GW240925_GW250207\TIGER\GW240925_no_cal\db_4\samples\tiger_GW240925_db_4.h5,False,,,0,0,0,SYMLINK,,,
E:\clone\ligo-gw240925-gw250207-release\18600070\tiger\tiger\GW240925_no_cal\tiger_GW240925_dchi_0.h5,tiger\tiger\GW240925_no_cal\tiger_GW240925_dchi_0.h5,symlink,\home\tgr.o4\GW240925_GW250207\TIGER\GW240925_no_cal\dchi_0\samples\tiger_GW240925_dchi_0.h5,False,,,0,0,0,SYMLINK,,,
E:\clone\ligo-gw240925-gw250207-release\18600070\tiger\tiger\GW240925_no_cal\tiger_GW240925_dchi_1.h5,tiger\tiger\GW240925_no_cal\tiger_GW240925_dchi_1.h5,symlink,\home\tgr.o4\GW240925_GW250207\TIGER\GW240925_no_cal\dchi_1\samples\tiger_GW240925_dchi_1.h5,False,,,0,0,0,SYMLINK,,,
E:\clone\ligo-gw240925-gw250207-release\18600070\tiger\tiger\GW240925_no_cal\tiger_GW240925_dchi_2.h5,tiger\tiger\GW240925_no_cal\tiger_GW240925_dchi_2.h5,symlink,\home\tgr.o4\GW240925_GW250207\TIGER\GW240925_no_cal\dchi_2\samples\tiger_GW240925_dchi_2.h5,False,,,0,0,0,SYMLINK,,,
E:\clone\ligo-gw240925-gw250207-release\18600070\tiger\tiger\GW240925_no_cal\tiger_GW240925_dchi_3.h5,tiger\tiger\GW240925_no_cal\tiger_GW240925_dchi_3.h5,symlink,\home\tgr.o4\GW240925_GW250207\TIGER\GW240925_no_cal\dchi_3\samples\tiger_GW240925_dchi_3.h5,False,,,0,0,0,SYMLINK,,,
E:\clone\ligo-gw240925-gw250207-release\18600070\tiger\tiger\GW240925_no_cal\tiger_GW240925_dchi_4.h5,tiger\tiger\GW240925_no_cal\tiger_GW240925_dchi_4.h5,symlink,\home\tgr.o4\GW240925_GW250207\TIGER\GW240925_no_cal\dchi_4\samples\tiger_GW240925_dchi_4.h5,False,,,0,0,0,SYMLINK,,,
E:\clone\ligo-gw240925-gw250207-release\18600070\tiger\tiger\GW240925_no_cal\tiger_GW240925_dchi_5l.h5,tiger\tiger\GW240925_no_cal\tiger_GW240925_dchi_5l.h5,symlink,\home\tgr.o4\GW240925_GW250207\TIGER\GW240925_no_cal\dchi_5l\samples\tiger_GW240925_dchi_5l.h5,False,,,0,0,0,SYMLINK,,,
E:\clone\ligo-gw240925-gw250207-release\18600070\tiger\tiger\GW240925_no_cal\tiger_GW240925_dchi_6.h5,tiger\tiger\GW240925_no_cal\tiger_GW240925_dchi_6.h5,symlink,\home\tgr.o4\GW240925_GW250207\TIGER\GW240925_no_cal\dchi_6\samples\tiger_GW240925_dchi_6.h5,False,,,0,0,0,SYMLINK,,,
E:\clone\ligo-gw240925-gw250207-release\18600070\tiger\tiger\GW240925_no_cal\tiger_GW240925_dchi_6l.h5,tiger\tiger\GW240925_no_cal\tiger_GW240925_dchi_6l.h5,symlink,\home\tgr.o4\GW240925_GW250207\TIGER\GW240925_no_cal\dchi_6l\samples\tiger_GW240925_dchi_6l.h5,False,,,0,0,0,SYMLINK,,,
E:\clone\ligo-gw240925-gw250207-release\18600070\tiger\tiger\GW240925_no_cal\tiger_GW240925_dchi_7.h5,tiger\tiger\GW240925_no_cal\tiger_GW240925_dchi_7.h5,symlink,\home\tgr.o4\GW240925_GW250207\TIGER\GW240925_no_cal\dchi_7\samples\tiger_GW240925_dchi_7.h5,False,,,0,0,0,SYMLINK,,,
E:\clone\ligo-gw240925-gw250207-release\18600070\tiger\tiger\GW240925_no_cal\tiger_GW240925_dchi_minus2.h5,tiger\tiger\GW240925_no_cal\tiger_GW240925_dchi_minus2.h5,symlink,\home\tgr.o4\GW240925_GW250207\TIGER\GW240925_no_cal\dchi_minus2\samples\tiger_GW240925_dchi_minus2.h5,False,,,0,0,0,SYMLINK,,,
E:\clone\ligo-gw240925-gw250207-release\18600070\tiger\tiger\GW240925_no_cal\tiger_GW240925_dc_1.h5,tiger\tiger\GW240925_no_cal\tiger_GW240925_dc_1.h5,symlink,\home\tgr.o4\GW240925_GW250207\TIGER\GW240925_no_cal\dc_1\samples\tiger_GW240925_dc_1.h5,False,,,0,0,0,SYMLINK,,,
E:\clone\ligo-gw240925-gw250207-release\18600070\tiger\tiger\GW240925_no_cal\tiger_GW240925_dc_2.h5,tiger\tiger\GW240925_no_cal\tiger_GW240925_dc_2.h5,symlink,\home\tgr.o4\GW240925_GW250207\TIGER\GW240925_no_cal\dc_2\samples\tiger_GW240925_dc_2.h5,False,,,0,0,0,SYMLINK,,,
E:\clone\ligo-gw240925-gw250207-release\18600070\tiger\tiger\GW240925_no_cal\tiger_GW240925_dc_4.h5,tiger\tiger\GW240925_no_cal\tiger_GW240925_dc_4.h5,symlink,\home\tgr.o4\GW240925_GW250207\TIGER\GW240925_no_cal\dc_4\samples\tiger_GW240925_dc_4.h5,False,,,0,0,0,SYMLINK,,,
E:\clone\ligo-gw240925-gw250207-release\18600070\tiger\tiger\GW240925_no_cal\tiger_GW240925_dc_l.h5,tiger\tiger\GW240925_no_cal\tiger_GW240925_dc_l.h5,symlink,\home\tgr.o4\GW240925_GW250207\TIGER\GW240925_no_cal\dc_l\samples\tiger_GW240925_dc_l.h5,False,,,0,0,0,SYMLINK,,,
E:\clone\ligo-gw240925-gw250207-release\18600070\tiger\tiger\GW250207_cal\tiger_GW250207_db_1.h5,tiger\tiger\GW250207_cal\tiger_GW250207_db_1.h5,symlink,\home\tgr.o4\GW240925_GW250207\TIGER\GW250207_cal\db_1\samples\tiger_GW250207_db_1.h5,False,,,0,0,0,SYMLINK,,,
E:\clone\ligo-gw240925-gw250207-release\18600070\tiger\tiger\GW250207_cal\tiger_GW250207_db_2.h5,tiger\tiger\GW250207_cal\tiger_GW250207_db_2.h5,symlink,\home\tgr.o4\GW240925_GW250207\TIGER\GW250207_cal\db_2\samples\tiger_GW250207_db_2.h5,False,,,0,0,0,SYMLINK,,,
E:\clone\ligo-gw240925-gw250207-release\18600070\tiger\tiger\GW250207_cal\tiger_GW250207_db_3.h5,tiger\tiger\GW250207_cal\tiger_GW250207_db_3.h5,symlink,\home\tgr.o4\GW240925_GW250207\TIGER\GW250207_cal\db_3\samples\tiger_GW250207_db_3.h5,False,,,0,0,0,SYMLINK,,,
E:\clone\ligo-gw240925-gw250207-release\18600070\tiger\tiger\GW250207_cal\tiger_GW250207_db_4.h5,tiger\tiger\GW250207_cal\tiger_GW250207_db_4.h5,symlink,\home\tgr.o4\GW240925_GW250207\TIGER\GW250207_cal\db_4\samples\tiger_GW250207_db_4.h5,False,,,0,0,0,SYMLINK,,,
E:\clone\ligo-gw240925-gw250207-release\18600070\tiger\tiger\GW250207_cal\tiger_GW250207_dchi_0.h5,tiger\tiger\GW250207_cal\tiger_GW250207_dchi_0.h5,symlink,\home\tgr.o4\GW240925_GW250207\TIGER\GW250207_cal\dchi_0\samples\tiger_GW250207_dchi_0.h5,False,,,0,0,0,SYMLINK,,,
E:\clone\ligo-gw240925-gw250207-release\18600070\tiger\tiger\GW250207_cal\tiger_GW250207_dchi_1.h5,tiger\tiger\GW250207_cal\tiger_GW250207_dchi_1.h5,symlink,\home\tgr.o4\GW240925_GW250207\TIGER\GW250207_cal\dchi_1\samples\tiger_GW250207_dchi_1.h5,False,,,0,0,0,SYMLINK,,,
E:\clone\ligo-gw240925-gw250207-release\18600070\tiger\tiger\GW250207_cal\tiger_GW250207_dchi_2.h5,tiger\tiger\GW250207_cal\tiger_GW250207_dchi_2.h5,symlink,\home\tgr.o4\GW240925_GW250207\TIGER\GW250207_cal\dchi_2\samples\tiger_GW250207_dchi_2.h5,False,,,0,0,0,SYMLINK,,,
E:\clone\ligo-gw240925-gw250207-release\18600070\tiger\tiger\GW250207_cal\tiger_GW250207_dchi_3.h5,tiger\tiger\GW250207_cal\tiger_GW250207_dchi_3.h5,symlink,\home\tgr.o4\GW240925_GW250207\TIGER\GW250207_cal\dchi_3\samples\tiger_GW250207_dchi_3.h5,False,,,0,0,0,SYMLINK,,,
E:\clone\ligo-gw240925-gw250207-release\18600070\tiger\tiger\GW250207_cal\tiger_GW250207_dchi_4.h5,tiger\tiger\GW250207_cal\tiger_GW250207_dchi_4.h5,symlink,\home\tgr.o4\GW240925_GW250207\TIGER\GW250207_cal\dchi_4\samples\tiger_GW250207_dchi_4.h5,False,,,0,0,0,SYMLINK,,,
E:\clone\ligo-gw240925-gw250207-release\18600070\tiger\tiger\GW250207_cal\tiger_GW250207_dchi_5l.h5,tiger\tiger\GW250207_cal\tiger_GW250207_dchi_5l.h5,symlink,\home\tgr.o4\GW240925_GW250207\TIGER\GW250207_cal\dchi_5l\samples\tiger_GW250207_dchi_5l.h5,False,,,0,0,0,SYMLINK,,,
E:\clone\ligo-gw240925-gw250207-release\18600070\tiger\tiger\GW250207_cal\tiger_GW250207_dchi_6.h5,tiger\tiger\GW250207_cal\tiger_GW250207_dchi_6.h5,symlink,\home\tgr.o4\GW240925_GW250207\TIGER\GW250207_cal\dchi_6\samples\tiger_GW250207_dchi_6.h5,False,,,0,0,0,SYMLINK,,,
E:\clone\ligo-gw240925-gw250207-release\18600070\tiger\tiger\GW250207_cal\tiger_GW250207_dchi_6l.h5,tiger\tiger\GW250207_cal\tiger_GW250207_dchi_6l.h5,symlink,\home\tgr.o4\GW240925_GW250207\TIGER\GW250207_cal\dchi_6l\samples\tiger_GW250207_dchi_6l.h5,False,,,0,0,0,SYMLINK,,,
E:\clone\ligo-gw240925-gw250207-release\18600070\tiger\tiger\GW250207_cal\tiger_GW250207_dchi_7.h5,tiger\tiger\GW250207_cal\tiger_GW250207_dchi_7.h5,symlink,\home\tgr.o4\GW240925_GW250207\TIGER\GW250207_cal\dchi_7\samples\tiger_GW250207_dchi_7.h5,False,,,0,0,0,SYMLINK,,,
E:\clone\ligo-gw240925-gw250207-release\18600070\tiger\tiger\GW250207_cal\tiger_GW250207_dchi_minus2.h5,tiger\tiger\GW250207_cal\tiger_GW250207_dchi_minus2.h5,symlink,\home\tgr.o4\GW240925_GW250207\TIGER\GW250207_cal\dchi_minus2\samples\tiger_GW250207_dchi_minus2.h5,False,,,0,0,0,SYMLINK,,,
E:\clone\ligo-gw240925-gw250207-release\18600070\tiger\tiger\GW250207_cal\tiger_GW250207_dc_1.h5,tiger\tiger\GW250207_cal\tiger_GW250207_dc_1.h5,symlink,\home\tgr.o4\GW240925_GW250207\TIGER\GW250207_cal\dc_1\samples\tiger_GW250207_dc_1.h5,False,,,0,0,0,SYMLINK,,,
E:\clone\ligo-gw240925-gw250207-release\18600070\tiger\tiger\GW250207_cal\tiger_GW250207_dc_2.h5,tiger\tiger\GW250207_cal\tiger_GW250207_dc_2.h5,symlink,\home\tgr.o4\GW240925_GW250207\TIGER\GW250207_cal\dc_2\samples\tiger_GW250207_dc_2.h5,False,,,0,0,0,SYMLINK,,,
E:\clone\ligo-gw240925-gw250207-release\18600070\tiger\tiger\GW250207_cal\tiger_GW250207_dc_4.h5,tiger\tiger\GW250207_cal\tiger_GW250207_dc_4.h5,symlink,\home\tgr.o4\GW240925_GW250207\TIGER\GW250207_cal\dc_4\samples\tiger_GW250207_dc_4.h5,False,,,0,0,0,SYMLINK,,,
E:\clone\ligo-gw240925-gw250207-release\18600070\tiger\tiger\GW250207_cal\tiger_GW250207_dc_l.h5,tiger\tiger\GW250207_cal\tiger_GW250207_dc_l.h5,symlink,\home\tgr.o4\GW240925_GW250207\TIGER\GW250207_cal\dc_l\samples\tiger_GW250207_dc_l.h5,False,,,0,0,0,SYMLINK,,,
E:\clone\ligo-gw240925-gw250207-release\18600070\tiger\tiger\GW250207_no_cal\tiger_GW250207_db_1.h5,tiger\tiger\GW250207_no_cal\tiger_GW250207_db_1.h5,symlink,\home\tgr.o4\GW240925_GW250207\TIGER\GW250207_no_cal\db_1\samples\tiger_GW250207_db_1.h5,False,,,0,0,0,SYMLINK,,,
E:\clone\ligo-gw240925-gw250207-release\18600070\tiger\tiger\GW250207_no_cal\tiger_GW250207_db_2.h5,tiger\tiger\GW250207_no_cal\tiger_GW250207_db_2.h5,symlink,\home\tgr.o4\GW240925_GW250207\TIGER\GW250207_no_cal\db_2\samples\tiger_GW250207_db_2.h5,False,,,0,0,0,SYMLINK,,,
E:\clone\ligo-gw240925-gw250207-release\18600070\tiger\tiger\GW250207_no_cal\tiger_GW250207_db_3.h5,tiger\tiger\GW250207_no_cal\tiger_GW250207_db_3.h5,symlink,\home\tgr.o4\GW240925_GW250207\TIGER\GW250207_no_cal\db_3\samples\tiger_GW250207_db_3.h5,False,,,0,0,0,SYMLINK,,,
E:\clone\ligo-gw240925-gw250207-release\18600070\tiger\tiger\GW250207_no_cal\tiger_GW250207_db_4.h5,tiger\tiger\GW250207_no_cal\tiger_GW250207_db_4.h5,symlink,\home\tgr.o4\GW240925_GW250207\TIGER\GW250207_no_cal\db_4\samples\tiger_GW250207_db_4.h5,False,,,0,0,0,SYMLINK,,,
E:\clone\ligo-gw240925-gw250207-release\18600070\tiger\tiger\GW250207_no_cal\tiger_GW250207_dchi_0.h5,tiger\tiger\GW250207_no_cal\tiger_GW250207_dchi_0.h5,symlink,\home\tgr.o4\GW240925_GW250207\TIGER\GW250207_no_cal\dchi_0\samples\tiger_GW250207_dchi_0.h5,False,,,0,0,0,SYMLINK,,,
E:\clone\ligo-gw240925-gw250207-release\18600070\tiger\tiger\GW250207_no_cal\tiger_GW250207_dchi_1.h5,tiger\tiger\GW250207_no_cal\tiger_GW250207_dchi_1.h5,symlink,\home\tgr.o4\GW240925_GW250207\TIGER\GW250207_no_cal\dchi_1\samples\tiger_GW250207_dchi_1.h5,False,,,0,0,0,SYMLINK,,,
E:\clone\ligo-gw240925-gw250207-release\18600070\tiger\tiger\GW250207_no_cal\tiger_GW250207_dchi_2.h5,tiger\tiger\GW250207_no_cal\tiger_GW250207_dchi_2.h5,symlink,\home\tgr.o4\GW240925_GW250207\TIGER\GW250207_no_cal\dchi_2\samples\tiger_GW250207_dchi_2.h5,False,,,0,0,0,SYMLINK,,,
E:\clone\ligo-gw240925-gw250207-release\18600070\tiger\tiger\GW250207_no_cal\tiger_GW250207_dchi_3.h5,tiger\tiger\GW250207_no_cal\tiger_GW250207_dchi_3.h5,symlink,\home\tgr.o4\GW240925_GW250207\TIGER\GW250207_no_cal\dchi_3\samples\tiger_GW250207_dchi_3.h5,False,,,0,0,0,SYMLINK,,,
E:\clone\ligo-gw240925-gw250207-release\18600070\tiger\tiger\GW250207_no_cal\tiger_GW250207_dchi_4.h5,tiger\tiger\GW250207_no_cal\tiger_GW250207_dchi_4.h5,symlink,\home\tgr.o4\GW240925_GW250207\TIGER\GW250207_no_cal\dchi_4\samples\tiger_GW250207_dchi_4.h5,False,,,0,0,0,SYMLINK,,,
E:\clone\ligo-gw240925-gw250207-release\18600070\tiger\tiger\GW250207_no_cal\tiger_GW250207_dchi_5l.h5,tiger\tiger\GW250207_no_cal\tiger_GW250207_dchi_5l.h5,symlink,\home\tgr.o4\GW240925_GW250207\TIGER\GW250207_no_cal\dchi_5l\samples\tiger_GW250207_dchi_5l.h5,False,,,0,0,0,SYMLINK,,,
E:\clone\ligo-gw240925-gw250207-release\18600070\tiger\tiger\GW250207_no_cal\tiger_GW250207_dchi_6.h5,tiger\tiger\GW250207_no_cal\tiger_GW250207_dchi_6.h5,symlink,\home\tgr.o4\GW240925_GW250207\TIGER\GW250207_no_cal\dchi_6\samples\tiger_GW250207_dchi_6.h5,False,,,0,0,0,SYMLINK,,,
E:\clone\ligo-gw240925-gw250207-release\18600070\tiger\tiger\GW250207_no_cal\tiger_GW250207_dchi_6l.h5,tiger\tiger\GW250207_no_cal\tiger_GW250207_dchi_6l.h5,symlink,\home\tgr.o4\GW240925_GW250207\TIGER\GW250207_no_cal\dchi_6l\samples\tiger_GW250207_dchi_6l.h5,False,,,0,0,0,SYMLINK,,,
E:\clone\ligo-gw240925-gw250207-release\18600070\tiger\tiger\GW250207_no_cal\tiger_GW250207_dchi_7.h5,tiger\tiger\GW250207_no_cal\tiger_GW250207_dchi_7.h5,symlink,\home\tgr.o4\GW240925_GW250207\TIGER\GW250207_no_cal\dchi_7\samples\tiger_GW250207_dchi_7.h5,False,,,0,0,0,SYMLINK,,,
E:\clone\ligo-gw240925-gw250207-release\18600070\tiger\tiger\GW250207_no_cal\tiger_GW250207_dchi_minus2.h5,tiger\tiger\GW250207_no_cal\tiger_GW250207_dchi_minus2.h5,symlink,\home\tgr.o4\GW240925_GW250207\TIGER\GW250207_no_cal\dchi_minus2\samples\tiger_GW250207_dchi_minus2.h5,False,,,0,0,0,SYMLINK,,,
E:\clone\ligo-gw240925-gw250207-release\18600070\tiger\tiger\GW250207_no_cal\tiger_GW250207_dc_1.h5,tiger\tiger\GW250207_no_cal\tiger_GW250207_dc_1.h5,symlink,\home\tgr.o4\GW240925_GW250207\TIGER\GW250207_no_cal\dc_1\samples\tiger_GW250207_dc_1.h5,False,,,0,0,0,SYMLINK,,,
E:\clone\ligo-gw240925-gw250207-release\18600070\tiger\tiger\GW250207_no_cal\tiger_GW250207_dc_2.h5,tiger\tiger\GW250207_no_cal\tiger_GW250207_dc_2.h5,symlink,\home\tgr.o4\GW240925_GW250207\TIGER\GW250207_no_cal\dc_2\samples\tiger_GW250207_dc_2.h5,False,,,0,0,0,SYMLINK,,,
E:\clone\ligo-gw240925-gw250207-release\18600070\tiger\tiger\GW250207_no_cal\tiger_GW250207_dc_4.h5,tiger\tiger\GW250207_no_cal\tiger_GW250207_dc_4.h5,symlink,\home\tgr.o4\GW240925_GW250207\TIGER\GW250207_no_cal\dc_4\samples\tiger_GW250207_dc_4.h5,False,,,0,0,0,SYMLINK,,,
E:\clone\ligo-gw240925-gw250207-release\18600070\tiger\tiger\GW250207_no_cal\tiger_GW250207_dc_l.h5,tiger\tiger\GW250207_no_cal\tiger_GW250207_dc_l.h5,symlink,\home\tgr.o4\GW240925_GW250207\TIGER\GW250207_no_cal\dc_l\samples\tiger_GW250207_dc_l.h5,False,,,0,0,0,SYMLINK,,,
