tag,shift_ms,xcorr,coh,is_physical
TRIGGER,-20.0,-0.9970989,0.500692,False
TRIGGER,-19.756,-0.9970918,0.50096,False
TRIGGER,-19.512,-0.9970881,0.501151,False
TRIGGER,-19.268,-0.9970846,0.501254,False
TRIGGER,-19.024,-0.9970739,0.501268,False
TRIGGER,-18.78,-0.9970704,0.501218,False
TRIGGER,-18.536,-0.997065,0.501103,False
TRIGGER,-18.292,-0.9970553,0.500945,False
TRIGGER,-18.048,-0.9970568,0.500767,False
TRIGGER,-17.804,-0.9970503,0.50058,False
TRIGGER,-17.56,-0.9970452,0.500404,False
TRIGGER,-17.316,-0.9970437,0.500262,False
TRIGGER,-17.072,-0.9970327,0.500155,False
TRIGGER,-16.828,-0.9970266,0.500103,False
TRIGGER,-16.584,-0.9970223,0.500111,False
TRIGGER,-16.34,-0.997017,0.500174,False
TRIGGER,-16.096,-0.9970149,0.500288,False
TRIGGER,-15.852,-0.9970099,0.500434,False
TRIGGER,-15.608,-0.9970054,0.500594,False
TRIGGER,-15.364,-0.9970039,0.500751,False
TRIGGER,-15.12,-0.9969937,0.500877,False
TRIGGER,-14.876,-0.9969843,0.500963,False
TRIGGER,-14.632,-0.9969825,0.501004,False
TRIGGER,-14.388,-0.9969771,0.500991,False
TRIGGER,-14.144,-0.9969738,0.500932,False
TRIGGER,-13.9,-0.9969703,0.500835,False
TRIGGER,-13.656,-0.9969646,0.500712,False
TRIGGER,-13.412,-0.9969611,0.500579,False
TRIGGER,-13.168,-0.9969538,0.500442,False
TRIGGER,-12.924,-0.9969456,0.50031,False
TRIGGER,-12.68,-0.9969427,0.500195,False
TRIGGER,-12.436,-0.9969381,0.500096,False
TRIGGER,-12.192,-0.9969326,0.500018,False
TRIGGER,-11.948,-0.9969318,0.499965,False
TRIGGER,-11.704,-0.9969253,0.499931,False
TRIGGER,-11.46,-0.9969185,0.499916,False
TRIGGER,-11.216,-0.9969158,0.499916,False
TRIGGER,-10.972,-0.9969054,0.499914,False
TRIGGER,-10.728,-0.9969003,0.49991,False
TRIGGER,-10.484,-0.996898,0.499889,False
TRIGGER,-10.24,-0.9968928,0.499845,False
TRIGGER,-9.996,-0.9968915,0.499775,True
TRIGGER,-9.752,-0.9968844,0.499672,True
TRIGGER,-9.508,-0.996879,0.499545,True
TRIGGER,-9.264,-0.9968756,0.499394,True
TRIGGER,-9.02,-0.9968656,0.499228,True
TRIGGER,-8.776,-0.9968576,0.499066,True
TRIGGER,-8.532,-0.9968561,0.498928,True
TRIGGER,-8.288,-0.9968521,0.498828,True
TRIGGER,-8.044,-0.9968476,0.498786,True
TRIGGER,-7.8,-0.9968442,0.498821,True
TRIGGER,-7.556,-0.9968365,0.498941,True
TRIGGER,-7.312,-0.9968304,0.499153,True
TRIGGER,-7.068,-0.9968251,0.499459,True
TRIGGER,-6.824,-0.9968152,0.499843,True
TRIGGER,-6.58,-0.9968112,0.500299,True
TRIGGER,-6.336,-0.9968104,0.500811,True
TRIGGER,-6.092,-0.9968041,0.501346,True
TRIGGER,-5.848,-0.9968012,0.50188,True
TRIGGER,-5.604,-0.9967955,0.502382,True
TRIGGER,-5.36,-0.9967848,0.502814,True
TRIGGER,-5.116,-0.9967821,0.503153,True
TRIGGER,-4.872,-0.9967738,0.503362,True
TRIGGER,-4.628,-0.9967645,0.503419,True
TRIGGER,-4.384,-0.9967659,0.503318,True
TRIGGER,-4.14,-0.99676,0.503049,True
TRIGGER,-3.896,-0.9967545,0.502632,True
TRIGGER,-3.652,-0.9967489,0.502092,True
TRIGGER,-3.408,-0.9967387,0.501465,True
TRIGGER,-3.164,-0.9967338,0.500794,True
TRIGGER,-2.92,-0.9967254,0.500113,True
TRIGGER,-2.676,-0.996717,0.499456,True
TRIGGER,-2.432,-0.9967164,0.498858,True
TRIGGER,-2.188,-0.9967106,0.498335,True
TRIGGER,-1.944,-0.9967045,0.497907,True
TRIGGER,-1.7,-0.9967035,0.49759,True
TRIGGER,-1.456,-0.996691,0.497379,True
TRIGGER,-1.212,-0.9966802,0.497282,True
TRIGGER,-0.968,-0.9966769,0.497297,True
TRIGGER,-0.724,-0.9966655,0.497408,True
TRIGGER,-0.48,-0.9966638,0.497614,True
TRIGGER,-0.236,-0.9966613,0.497892,True
TRIGGER,0.008,-0.9966511,0.498226,True
TRIGGER,0.252,-0.9966454,0.498604,True
TRIGGER,0.496,-0.9966369,0.499003,True
TRIGGER,0.74,-0.9966276,0.499413,True
TRIGGER,0.984,-0.9966174,0.499816,True
TRIGGER,1.228,-0.9966105,0.500211,True
TRIGGER,1.472,-0.9966089,0.500585,True
TRIGGER,1.716,-0.9966042,0.500931,True
TRIGGER,1.96,-0.9965912,0.501239,True
TRIGGER,2.204,-0.9965848,0.501517,True
TRIGGER,2.448,-0.9965783,0.501755,True
TRIGGER,2.692,-0.9965632,0.501949,True
TRIGGER,2.936,-0.9965583,0.502104,True
TRIGGER,3.18,-0.9965493,0.502222,True
TRIGGER,3.424,-0.9965407,0.502294,True
TRIGGER,3.668,-0.9965383,0.502329,True
TRIGGER,3.912,-0.996528,0.502317,True
TRIGGER,4.156,-0.9965217,0.502246,True
TRIGGER,4.4,-0.9965096,0.502114,True
TRIGGER,4.644,-0.996495,0.501907,True
TRIGGER,4.888,-0.9964861,0.501627,True
TRIGGER,5.132,-0.9964757,0.501268,True
TRIGGER,5.376,-0.9964663,0.500832,True
TRIGGER,5.62,-0.9964656,0.500331,True
TRIGGER,5.864,-0.9964549,0.499765,True
TRIGGER,6.108,-0.9964375,0.499164,True
TRIGGER,6.352,-0.9964332,0.498578,True
TRIGGER,6.596,-0.9964152,0.498022,True
TRIGGER,6.84,-0.9964024,0.49757,True
TRIGGER,7.084,-0.9964002,0.497255,True
TRIGGER,7.328,-0.996382,0.497096,True
TRIGGER,7.572,-0.9963784,0.497138,True
TRIGGER,7.816,-0.9963678,0.497356,True
TRIGGER,8.06,-0.9963482,0.497734,True
TRIGGER,8.304,-0.9963403,0.498245,True
TRIGGER,8.548,-0.9963228,0.498827,True
TRIGGER,8.792,-0.996306,0.499431,True
TRIGGER,9.036,-0.9962966,0.500019,True
TRIGGER,9.28,-0.9962805,0.500542,True
TRIGGER,9.524,-0.9962701,0.500983,True
TRIGGER,9.768,-0.9962631,0.501322,True
TRIGGER,10.012,-0.9962421,0.501542,False
TRIGGER,10.256,-0.9962285,0.501644,False
TRIGGER,10.5,-0.9962099,0.501613,False
TRIGGER,10.744,-0.9961807,0.501445,False
TRIGGER,10.988,-0.9961733,0.501169,False
TRIGGER,11.232,-0.9961587,0.500782,False
TRIGGER,11.476,-0.9961423,0.50033,False
TRIGGER,11.72,-0.9961331,0.499854,False
TRIGGER,11.964,-0.9961045,0.49939,False
TRIGGER,12.208,-0.9960843,0.498994,False
TRIGGER,12.452,-0.996067,0.498692,False
TRIGGER,12.696,-0.9960336,0.498491,False
TRIGGER,12.94,-0.9960159,0.498418,False
TRIGGER,13.184,-0.9960037,0.498469,False
TRIGGER,13.428,-0.9959718,0.498625,False
TRIGGER,13.672,-0.9959585,0.498886,False
TRIGGER,13.916,-0.9959326,0.499225,False
TRIGGER,14.16,-0.9958848,0.499593,False
TRIGGER,14.404,-0.9958723,0.499984,False
TRIGGER,14.648,-0.9958361,0.500329,False
TRIGGER,14.892,-0.995803,0.500587,False
TRIGGER,15.136,-0.9957847,0.500728,False
TRIGGER,15.38,-0.9957456,0.500698,False
TRIGGER,15.624,-0.9957265,0.500503,False
TRIGGER,15.868,-0.9956858,0.500095,False
TRIGGER,16.112,-0.9956345,0.499538,False
TRIGGER,16.356,-0.9956068,0.498864,False
TRIGGER,16.6,-0.9955558,0.498119,False
TRIGGER,16.844,-0.9954984,0.497398,False
TRIGGER,17.088,-0.9954729,0.496784,False
TRIGGER,17.332,-0.9954267,0.4963,False
TRIGGER,17.576,-0.9953731,0.495997,False
TRIGGER,17.82,-0.995323,0.495879,False
TRIGGER,18.064,-0.9952422,0.495903,False
TRIGGER,18.308,-0.9951884,0.496072,False
TRIGGER,18.552,-0.9951121,0.496303,False
TRIGGER,18.796,-0.9950351,0.496564,False
TRIGGER,19.04,-0.9949906,0.496835,False
TRIGGER,19.284,-0.9948921,0.497039,False
TRIGGER,19.528,-0.9948198,0.497194,False
TRIGGER,19.772,-0.9947348,0.497251,False
TRIGGER,20.016,-0.9945886,0.497155,False
OFF_m500,-20.0,-0.9997146,0.479069,False
OFF_m500,-19.756,-0.9998063,0.478847,False
OFF_m500,-19.512,-0.9998382,0.481246,False
OFF_m500,-19.268,-0.9998076,0.480984,False
OFF_m500,-19.024,-0.9999054,0.48097,False
OFF_m500,-18.78,-0.9999433,0.485982,False
OFF_m500,-18.536,-0.9999271,0.487457,False
OFF_m500,-18.292,-0.9999963,0.49252,False
OFF_m500,-18.048,-0.9999972,0.498791,False
OFF_m500,-17.804,-1.000008,0.503722,False
OFF_m500,-17.56,-1.0000321,0.511521,False
OFF_m500,-17.316,-1.0000329,0.517337,False
OFF_m500,-17.072,-1.0000663,0.524073,False
OFF_m500,-16.828,-1.0000704,0.531426,False
OFF_m500,-16.584,-1.0000752,0.537037,False
OFF_m500,-16.34,-1.0001127,0.542494,False
OFF_m500,-16.096,-1.0001042,0.548335,False
OFF_m500,-15.852,-1.00011,0.551169,False
OFF_m500,-15.608,-1.000137,0.554545,False
OFF_m500,-15.364,-1.0001145,0.557478,False
OFF_m500,-15.12,-1.0001387,0.557093,False
OFF_m500,-14.876,-1.0001591,0.559808,False
OFF_m500,-14.632,-1.000137,0.559036,False
OFF_m500,-14.388,-1.0001618,0.557926,False
OFF_m500,-14.144,-1.0001588,0.558563,False
OFF_m500,-13.9,-1.000156,0.555703,False
OFF_m500,-13.656,-1.0001767,0.556136,False
OFF_m500,-13.412,-1.0001671,0.555976,False
OFF_m500,-13.168,-1.0001784,0.555822,False
OFF_m500,-12.924,-1.0001916,0.558449,False
OFF_m500,-12.68,-1.0001908,0.560763,False
OFF_m500,-12.436,-1.0001944,0.564334,False
OFF_m500,-12.192,-1.0001966,0.567949,False
OFF_m500,-11.948,-1.000198,0.57178,False
OFF_m500,-11.704,-1.0002033,0.575278,False
OFF_m500,-11.46,-1.0002039,0.579118,False
OFF_m500,-11.216,-1.0002101,0.581569,False
OFF_m500,-10.972,-1.0002206,0.584142,False
OFF_m500,-10.728,-1.0002112,0.586711,False
OFF_m500,-10.484,-1.0002165,0.586577,False
OFF_m500,-10.24,-1.0002224,0.588042,False
OFF_m500,-9.996,-1.0002161,0.587342,True
OFF_m500,-9.752,-1.0002259,0.586114,True
OFF_m500,-9.508,-1.0002231,0.585927,True
OFF_m500,-9.264,-1.0002243,0.583372,True
OFF_m500,-9.02,-1.0002374,0.582389,True
OFF_m500,-8.776,-1.000229,0.581546,True
OFF_m500,-8.532,-1.0002315,0.579797,True
OFF_m500,-8.288,-1.0002383,0.58003,True
OFF_m500,-8.044,-1.0002299,0.580486,True
OFF_m500,-7.8,-1.000239,0.581063,True
OFF_m500,-7.556,-1.0002419,0.583861,True
OFF_m500,-7.312,-1.0002367,0.585938,True
OFF_m500,-7.068,-1.0002445,0.588321,True
OFF_m500,-6.824,-1.0002405,0.592196,True
OFF_m500,-6.58,-1.0002385,0.593488,True
OFF_m500,-6.336,-1.0002497,0.596018,True
OFF_m500,-6.092,-1.0002445,0.59827,True
OFF_m500,-5.848,-1.0002463,0.598597,True
OFF_m500,-5.604,-1.0002498,0.600594,True
OFF_m500,-5.36,-1.0002477,0.600669,True
OFF_m500,-5.116,-1.0002519,0.600825,True
OFF_m500,-4.872,-1.0002524,0.601252,True
OFF_m500,-4.628,-1.0002513,0.600098,True
OFF_m500,-4.384,-1.000254,0.59898,True
OFF_m500,-4.14,-1.0002528,0.597189,True
OFF_m500,-3.896,-1.0002542,0.594531,True
OFF_m500,-3.652,-1.0002557,0.592282,True
OFF_m500,-3.408,-1.0002532,0.590023,True
OFF_m500,-3.164,-1.0002564,0.587002,True
OFF_m500,-2.92,-1.0002585,0.586632,True
OFF_m500,-2.676,-1.0002552,0.586193,True
OFF_m500,-2.432,-1.0002577,0.585815,True
OFF_m500,-2.188,-1.0002588,0.588064,True
OFF_m500,-1.944,-1.0002572,0.588972,True
OFF_m500,-1.7,-1.0002583,0.590969,True
OFF_m500,-1.456,-1.0002583,0.593033,True
OFF_m500,-1.212,-1.0002588,0.593954,True
OFF_m500,-0.968,-1.0002594,0.595763,True
OFF_m500,-0.724,-1.0002591,0.596134,True
OFF_m500,-0.48,-1.0002594,0.596076,True
OFF_m500,-0.236,-1.0002591,0.595847,True
OFF_m500,0.008,-1.0002596,0.594774,True
OFF_m500,0.252,-1.0002586,0.592983,True
OFF_m500,0.496,-1.0002584,0.591518,True
OFF_m500,0.74,-1.0002581,0.588941,True
OFF_m500,0.984,-1.0002563,0.586466,True
OFF_m500,1.228,-1.0002587,0.584464,True
OFF_m500,1.472,-1.0002576,0.580553,True
OFF_m500,1.716,-1.000256,0.578458,True
OFF_m500,1.96,-1.0002571,0.575967,True
OFF_m500,2.204,-1.0002534,0.573205,True
OFF_m500,2.448,-1.0002514,0.573117,True
OFF_m500,2.692,-1.0002517,0.571986,True
OFF_m500,2.936,-1.0002478,0.57251,True
OFF_m500,3.18,-1.0002505,0.57322,True
OFF_m500,3.424,-1.0002499,0.572648,True
OFF_m500,3.668,-1.0002433,0.572722,True
OFF_m500,3.912,-1.0002444,0.572386,True
OFF_m500,4.156,-1.0002437,0.571026,True
OFF_m500,4.4,-1.0002366,0.569532,True
OFF_m500,4.644,-1.0002346,0.568252,True
OFF_m500,4.888,-1.0002284,0.565816,True
OFF_m500,5.132,-1.0002325,0.564514,True
OFF_m500,5.376,-1.0002311,0.561269,True
OFF_m500,5.62,-1.0002173,0.558156,True
OFF_m500,5.864,-1.0002173,0.55594,True
OFF_m500,6.108,-1.0002092,0.551569,True
OFF_m500,6.352,-1.0001979,0.548912,True
OFF_m500,6.596,-1.0001948,0.545225,True
OFF_m500,6.84,-1.0001834,0.541581,True
OFF_m500,7.084,-1.0001801,0.539197,True
OFF_m500,7.328,-1.00018,0.535625,True
OFF_m500,7.572,-1.000158,0.532541,True
OFF_m500,7.816,-1.0001433,0.530051,True
OFF_m500,8.06,-1.0001409,0.527625,True
OFF_m500,8.304,-1.0001009,0.524182,True
OFF_m500,8.548,-1.0000926,0.522755,True
OFF_m500,8.792,-1.0000691,0.51859,True
OFF_m500,9.036,-1.0000425,0.515052,True
OFF_m500,9.28,-1.0000638,0.511261,True
OFF_m500,9.524,-0.9999973,0.503826,True
OFF_m500,9.768,-0.9999682,0.500105,True
OFF_m500,10.012,-0.9999488,0.492728,False
OFF_m500,10.256,-0.9998432,0.485797,False
OFF_m500,10.5,-0.9998044,0.480852,False
OFF_m500,10.744,-0.9997091,0.472387,False
OFF_m500,10.988,-0.9996121,0.466531,False
OFF_m500,11.232,-0.9995623,0.457636,False
OFF_m500,11.476,-0.9993975,0.44827,False
OFF_m500,11.72,-0.9991305,0.438748,False
OFF_m500,11.964,-0.9989855,0.429414,False
OFF_m500,12.208,-0.9986856,0.419184,False
OFF_m500,12.452,-0.9981247,0.408257,False
OFF_m500,12.696,-0.9976708,0.398781,False
OFF_m500,12.94,-0.9969293,0.38632,False
OFF_m500,13.184,-0.9964339,0.376966,False
OFF_m500,13.428,-0.9934535,0.353793,False
OFF_m500,13.672,-0.989795,0.336775,False
OFF_m500,13.916,-0.9837907,0.312252,False
OFF_m500,14.16,-0.953027,0.257229,False
OFF_m500,14.404,-0.9093041,0.215112,False
OFF_m500,14.648,-0.4238294,0.042492,False
OFF_m500,14.892,0.6020135,0.144333,False
OFF_m500,15.136,0.9150489,0.248678,False
OFF_m500,15.38,0.9708778,0.303959,False
OFF_m500,15.624,0.9826053,0.331345,False
OFF_m500,15.868,0.9894596,0.355778,False
OFF_m500,16.112,0.992945,0.376396,False
OFF_m500,16.356,0.9946066,0.392942,False
OFF_m500,16.6,0.9957949,0.405665,False
OFF_m500,16.844,0.9968006,0.422476,False
OFF_m500,17.088,0.997254,0.434019,False
OFF_m500,17.332,0.9980036,0.447818,False
OFF_m500,17.576,0.9982838,0.461277,False
OFF_m500,17.82,0.9984559,0.469244,False
OFF_m500,18.064,0.9988414,0.481038,False
OFF_m500,18.308,0.9988723,0.489563,False
OFF_m500,18.552,0.9989889,0.496749,False
OFF_m500,18.796,0.9992037,0.504927,False
OFF_m500,19.04,0.9993023,0.512856,False
OFF_m500,19.284,0.999388,0.520869,False
OFF_m500,19.528,0.999461,0.528669,False
OFF_m500,19.772,0.9995363,0.536677,False
OFF_m500,20.016,0.9995953,0.543841,False
