det,offset_s,bandpower
H1,-688.0,1.917619381785013e-39
H1,-684.0,8.366664218616937e-39
H1,-680.0,4.461394838809734e-39
H1,-676.0,6.047087315261587e-39
H1,-672.0,5.0770461379664056e-39
H1,-668.0,5.2070875418171474e-39
H1,-664.0,2.8382095747819063e-39
H1,-660.0,5.225279103168496e-39
H1,-656.0,2.012748562458545e-39
H1,-652.0,7.562998596848158e-39
H1,-648.0,3.328147470500634e-39
H1,-644.0,2.0591554865946466e-39
H1,-640.0,3.6487180314264306e-39
H1,-636.0,3.2607316391763e-39
H1,-632.0,4.4688580746464656e-39
H1,-628.0,3.989082076932718e-39
H1,-624.0,5.4337581673069576e-39
H1,-620.0,4.007598853953089e-39
H1,-616.0,5.3209251699105416e-39
H1,-612.0,4.529640448535047e-39
H1,-608.0,3.360117441839738e-39
H1,-604.0,5.6612602534837555e-39
H1,-600.0,4.7019490030620636e-39
H1,-596.0,5.6177203309731006e-39
H1,-592.0,4.312592515098848e-39
H1,-588.0,4.1097930279939875e-39
H1,-584.0,9.069560328957117e-39
H1,-580.0,5.3846392117145326e-39
H1,-576.0,2.5887267633154736e-39
H1,-572.0,2.0203714873601758e-39
H1,-568.0,5.465395401244572e-39
H1,-564.0,7.189973573176725e-39
H1,-560.0,2.275346281469843e-39
H1,-556.0,3.026465279657862e-39
H1,-552.0,2.433724476047148e-39
H1,-548.0,3.494702665176782e-39
H1,-544.0,3.274322914282902e-39
H1,-540.0,5.445001835754557e-39
H1,-536.0,5.8883395370462e-39
H1,-532.0,1.7333558908525417e-39
H1,-528.0,3.600758787517969e-39
H1,-524.0,2.5501920445562674e-39
H1,-520.0,1.1088070309291232e-39
H1,-516.0,2.908852370426186e-39
H1,-512.0,6.47332364254379e-39
H1,-508.0,3.259404851684417e-39
H1,-504.0,3.442327549638777e-39
H1,-500.0,3.5965394607840696e-39
H1,-496.0,6.581878480020338e-39
H1,-492.0,2.6848273572451972e-39
H1,-488.0,1.6119586550062847e-39
H1,-484.0,3.4199661200100513e-39
H1,-480.0,1.5140710244444948e-39
H1,-476.0,4.3563081103035036e-39
H1,-472.0,2.5684562156184043e-39
H1,-468.0,4.6471107903681916e-39
H1,-464.0,4.186937719531861e-39
H1,-460.0,4.835623108537549e-39
H1,-456.0,6.235122313384354e-39
H1,-452.0,3.682082378133218e-39
H1,-448.0,3.3788817351713e-39
H1,-444.0,5.991587834360649e-39
H1,-440.0,3.893375169497206e-39
H1,-436.0,1.2012172229024094e-38
H1,-432.0,6.872398352082313e-39
H1,-428.0,1.2462711924792684e-39
H1,-424.0,4.963591628857369e-39
H1,-420.0,3.8868233247835964e-39
H1,-416.0,5.7971804450163274e-39
H1,-412.0,8.981931374065998e-39
H1,-408.0,2.806799755283494e-39
H1,-404.0,2.6977555534891488e-39
H1,-400.0,4.345267660739473e-39
H1,-396.0,4.525031623669472e-39
H1,-392.0,2.3546692387752852e-39
H1,-388.0,8.335284540550861e-39
H1,-384.0,5.475683220812323e-39
H1,-380.0,5.1176895153910775e-39
H1,-376.0,4.7977482523681604e-39
H1,-372.0,6.982818739618178e-39
H1,-368.0,4.621154661169961e-39
H1,-364.0,6.668812880474893e-39
H1,-360.0,6.661466925890379e-39
H1,-356.0,3.8887916440906155e-39
H1,-352.0,2.0841376243515508e-39
H1,-348.0,4.564573362001649e-39
H1,-344.0,2.7541781748298578e-39
H1,-340.0,3.088312702764238e-39
H1,-336.0,5.8177642559736466e-39
H1,-332.0,4.962054952859184e-39
H1,-328.0,4.369978410083139e-39
H1,-324.0,3.356846139878385e-39
H1,-320.0,3.1950252076411904e-39
H1,-316.0,5.2162107667669755e-39
H1,-312.0,2.5633492434482028e-39
H1,-308.0,1.1315695311486514e-38
H1,-304.0,6.70909261867161e-39
H1,-300.0,3.1000240141598916e-39
H1,-296.0,3.026011188814133e-39
H1,-292.0,5.817464768457839e-39
H1,-288.0,4.079254730642058e-39
H1,-284.0,8.505989532095472e-39
H1,-280.0,4.235613618268161e-39
H1,-276.0,4.3704900507602615e-39
H1,-272.0,3.733042466135318e-39
H1,-268.0,5.049061383703647e-39
H1,-264.0,1.7700447090454296e-39
H1,-260.0,1.836920496934324e-39
H1,-256.0,3.815991005187861e-39
H1,-252.0,7.417935096054026e-39
H1,-248.0,2.801134093233007e-39
H1,-244.0,4.15833353146868e-39
H1,-240.0,4.407872654702426e-39
H1,-236.0,4.93943545446812e-39
H1,-232.0,1.9334395636875176e-39
H1,-228.0,2.8888357544011644e-39
H1,-224.0,3.713246023210423e-39
H1,-220.0,6.305637727729039e-39
H1,-216.0,3.196634200637982e-39
H1,-212.0,7.210705681853777e-39
H1,-208.0,2.939795515113069e-39
H1,-204.0,2.3264486571793893e-39
H1,-200.0,5.688844698264761e-39
H1,-196.0,7.319618950431961e-39
H1,-192.0,5.532894089640287e-39
H1,-188.0,3.050979047298857e-39
H1,-184.0,4.73009574169914e-39
H1,-180.0,3.377895215841718e-39
H1,-176.0,4.182069389646421e-39
H1,-172.0,3.409098574596818e-39
H1,-168.0,2.9184375070429784e-39
H1,-164.0,3.8875054318715547e-39
H1,-160.0,4.322310322561805e-39
H1,-156.0,3.699419816545514e-39
H1,-152.0,3.6340078763667176e-39
H1,-148.0,2.5979988575005773e-39
H1,-144.0,2.1285743290246422e-39
H1,-140.0,3.420956526941435e-39
H1,-136.0,3.099295688968751e-39
H1,-132.0,4.030155842515777e-39
H1,-128.0,5.747725725613193e-39
H1,-124.0,2.6829986957961717e-39
H1,-120.0,2.5653759970196938e-39
H1,-116.0,4.855176228020636e-39
H1,-112.0,1.774018937949425e-39
H1,-108.0,2.9171183643676083e-39
H1,-104.0,3.227323946828909e-39
H1,-28.0,1.915499193793195e-39
H1,-24.0,3.5410247676183156e-39
H1,-20.0,4.020792368949244e-39
H1,-16.0,3.405436002830783e-39
H1,-12.0,3.533164775690972e-39
H1,-8.0,9.232046236394789e-39
H1,-4.0,6.744408082329644e-39
H1,0.0,2.0233621412338908e-39
H1,4.0,2.7103813609289913e-39
H1,8.0,4.6284549857752965e-39
H1,12.0,3.083592417567589e-39
H1,16.0,4.055262628604075e-39
H1,20.0,7.35061102684791e-39
H1,24.0,6.229514052773155e-39
H1,28.0,4.093224628495063e-39
H1,32.0,3.5251541641585236e-39
H1,36.0,4.917633295953766e-39
H1,40.0,9.283623240875694e-39
H1,44.0,7.010645037578563e-39
H1,48.0,1.893966124531494e-39
H1,52.0,7.296147876476278e-39
H1,56.0,5.751190142012178e-39
H1,60.0,5.1529425611049944e-39
H1,64.0,4.494738285395181e-39
H1,68.0,5.134842451148491e-39
H1,72.0,2.4615839040812445e-39
H1,76.0,8.023620788868762e-39
H1,80.0,6.315071783997389e-39
H1,84.0,4.5903650730992235e-39
H1,88.0,2.7569244508936867e-39
H1,92.0,9.013545048317693e-39
H1,96.0,4.673559048548642e-39
H1,100.0,3.899504852780089e-39
H1,104.0,7.619599871236176e-39
H1,108.0,4.027333436999383e-39
H1,112.0,3.95293587128405e-39
H1,116.0,2.6664861460327407e-39
H1,120.0,4.090071526343334e-39
H1,124.0,6.256104966204325e-39
H1,128.0,2.358159229288442e-39
H1,132.0,3.4688763577078865e-39
H1,136.0,2.6445344407489187e-39
H1,140.0,6.05566888191797e-39
H1,144.0,2.978565294155817e-39
H1,148.0,3.8374631885161215e-39
H1,152.0,4.889805952541467e-39
H1,156.0,1.6230078441838415e-39
H1,160.0,2.0023079857479806e-39
H1,164.0,3.855289622824781e-39
H1,168.0,5.031359330248959e-39
H1,172.0,8.929374709903736e-39
H1,176.0,3.988246000559981e-39
H1,180.0,1.4125397708547932e-39
H1,184.0,2.9599224974628344e-39
H1,188.0,4.8026015953461984e-39
H1,192.0,6.306515577395341e-39
H1,196.0,3.2875562300141335e-39
H1,200.0,5.1513609669876775e-39
H1,204.0,2.19070080138961e-39
H1,208.0,3.3351141901451836e-39
H1,212.0,6.110106282701588e-39
H1,216.0,5.015247359528625e-39
H1,220.0,5.157526274212521e-39
H1,224.0,6.150447146153814e-39
H1,228.0,1.2292372778040693e-39
H1,232.0,5.103497056666178e-39
H1,236.0,4.646583542946857e-39
H1,240.0,3.517429605613796e-39
H1,244.0,4.763715441083829e-39
H1,248.0,2.3746022705887815e-39
H1,252.0,4.854573849927223e-39
H1,256.0,4.1595961522771355e-39
H1,260.0,7.450163186045271e-39
H1,264.0,3.795464329969007e-39
H1,268.0,8.542216001017304e-39
H1,272.0,1.1024956312661311e-38
H1,276.0,4.866329037466854e-39
H1,280.0,5.4730426752739485e-39
H1,284.0,3.436627447215033e-39
H1,288.0,4.508959358133781e-39
H1,292.0,3.5923140434959636e-39
H1,296.0,3.250750901908381e-39
H1,300.0,3.307150068211589e-39
H1,304.0,3.058814261284584e-39
H1,308.0,2.855318348029843e-39
H1,312.0,1.7981038616729497e-39
H1,316.0,6.409474452511923e-39
H1,320.0,5.1744031075630106e-39
H1,324.0,3.479441957756337e-39
H1,328.0,2.7284110217129864e-39
H1,332.0,6.46619531854613e-39
H1,336.0,4.3510811773692577e-39
H1,340.0,3.4706248756584255e-39
H1,344.0,7.58532645266353e-39
H1,348.0,4.8794338013712866e-39
H1,352.0,1.2956636385669315e-39
H1,356.0,3.561812731888169e-39
H1,360.0,2.1131406776708913e-39
H1,364.0,5.958980388688895e-39
H1,368.0,3.547587925064344e-39
H1,372.0,3.5480641545007855e-39
H1,376.0,6.004658721394438e-39
H1,380.0,7.227597867574316e-39
H1,384.0,4.094953014553906e-39
H1,388.0,3.5085348228016975e-39
H1,392.0,3.0800565139995614e-39
H1,396.0,3.310381519944966e-39
H1,400.0,4.6534990578543296e-39
H1,404.0,1.0446267911018287e-38
H1,408.0,3.9893718119802204e-39
H1,412.0,1.5144465679010544e-39
H1,416.0,5.207472648706441e-39
H1,420.0,7.91304061749669e-39
H1,424.0,5.6986299899380104e-39
H1,428.0,4.119602443384382e-39
H1,432.0,8.835427393307047e-39
H1,436.0,5.1119343371933043e-39
H1,440.0,3.429763374695752e-39
H1,444.0,5.166674037940425e-39
H1,448.0,3.9589783517243096e-39
H1,452.0,1.809290953014673e-39
H1,456.0,3.6498652037315654e-39
H1,460.0,4.6711370556155175e-39
H1,464.0,6.391268806461476e-39
H1,468.0,2.114310466210009e-39
H1,472.0,3.4499544212940606e-39
H1,476.0,4.040547773659833e-39
H1,480.0,3.277272952598797e-39
H1,484.0,7.655452555498548e-39
H1,488.0,7.051738522165025e-39
H1,492.0,1.0624713116824923e-38
H1,496.0,6.082492338866155e-39
H1,500.0,4.60971504927631e-39
H1,504.0,1.7586939336340486e-39
H1,508.0,3.1794521734124034e-39
H1,512.0,2.775970562941953e-39
H1,516.0,7.518297023796077e-39
H1,520.0,3.6586640677489603e-39
H1,524.0,7.551038054743614e-39
H1,528.0,3.711666793261105e-39
H1,532.0,3.1096485199643654e-39
H1,536.0,5.7986424466148463e-39
H1,540.0,4.309598063679586e-39
H1,544.0,2.8413602786241005e-39
H1,548.0,5.2172177166016485e-39
H1,552.0,4.8368321128054154e-39
H1,556.0,4.4990741419562036e-39
H1,560.0,3.3841873427906406e-39
H1,564.0,9.346777285588913e-39
H1,568.0,8.293686996825437e-39
H1,572.0,5.4643147225167447e-39
H1,576.0,1.2165302195383512e-38
H1,580.0,5.8268260334041744e-39
H1,584.0,3.0366170633030084e-39
H1,588.0,3.469523567194645e-39
H1,592.0,2.4081935838098048e-39
H1,596.0,3.46023611694629e-39
H1,600.0,5.835772736265656e-39
H1,604.0,7.325752783585958e-39
H1,608.0,5.026462655385694e-39
H1,612.0,7.609936521318002e-39
H1,616.0,2.2584410226877134e-39
H1,620.0,5.048668949548495e-39
H1,624.0,2.3271912398291228e-39
H1,628.0,1.0734014659376901e-38
H1,632.0,1.7386212850923917e-39
H1,636.0,6.115494153148562e-39
H1,640.0,4.9542243440183756e-39
H1,644.0,5.3217051583928034e-39
H1,648.0,6.59600396789446e-39
H1,652.0,5.321227262302978e-39
H1,656.0,8.200872018067921e-39
H1,660.0,4.857639369800534e-39
H1,664.0,4.811135546822586e-39
H1,668.0,4.515243073578592e-39
H1,672.0,3.3974630448264584e-39
H1,676.0,3.3891548419125843e-39
H1,680.0,6.602484946677638e-39
H1,684.0,5.223300068868917e-39
H1,688.0,5.4775239565144797e-39
H1,692.0,5.524285614606037e-39
H1,696.0,4.931582653838979e-39
H1,700.0,3.947122876112783e-39
H1,704.0,1.4047465787414328e-39
H1,708.0,9.520865476597391e-39
H1,712.0,2.4579492799003223e-39
H1,716.0,3.4771587039016936e-39
H1,720.0,4.634071144732184e-39
H1,724.0,5.652048618911573e-39
H1,728.0,3.3043238236781464e-39
H1,732.0,1.6366385763757736e-39
H1,736.0,5.105848701623178e-39
H1,740.0,8.992500044508628e-39
H1,744.0,3.03783362097024e-39
H1,748.0,5.4826041388140465e-39
H1,752.0,6.284846053675175e-39
H1,756.0,4.0086317458709383e-39
H1,760.0,6.430842154448633e-39
H1,764.0,4.220859190490156e-39
H1,768.0,2.439074834383364e-39
H1,772.0,5.072720774136286e-39
H1,776.0,3.074280998897352e-39
H1,780.0,2.4511315968305947e-39
H1,784.0,1.784073346900812e-39
H1,788.0,1.5922208408973727e-39
H1,792.0,3.243546032276931e-39
H1,796.0,4.009270414800614e-39
H1,800.0,4.8881000022452677e-39
H1,804.0,5.290027690484582e-39
H1,808.0,3.103346348550229e-39
H1,812.0,1.512561662276742e-39
H1,816.0,2.3611300551620452e-39
H1,820.0,5.031200579730822e-39
H1,824.0,3.051659487433383e-39
H1,828.0,8.005339495146177e-39
H1,832.0,4.957423603809505e-39
H1,836.0,3.0144035946529955e-39
H1,840.0,5.494538225638016e-39
H1,844.0,7.339995317079145e-39
H1,848.0,2.804986611766734e-39
H1,852.0,7.349245478984368e-39
H1,856.0,2.5235886490157836e-39
H1,860.0,2.8427519793104274e-39
H1,864.0,4.2550404203626184e-39
H1,868.0,4.0866273124983815e-39
H1,872.0,4.253537384292862e-39
H1,876.0,5.461924285824922e-39
H1,880.0,2.9955072599623146e-39
H1,884.0,3.304782893161608e-39
H1,888.0,3.375266680124816e-39
H1,892.0,6.759179597691471e-39
H1,896.0,8.058994148770361e-39
H1,900.0,5.061965947247461e-39
H1,904.0,4.733906150593007e-39
H1,908.0,5.901689156967346e-39
H1,912.0,6.345200501200361e-39
H1,916.0,5.452956151865751e-39
H1,920.0,1.6449131947393602e-39
H1,924.0,2.973820211015338e-39
H1,928.0,2.226867374706043e-39
H1,932.0,2.2034291771351457e-39
H1,936.0,2.7926680586041463e-39
H1,940.0,2.440757807336233e-39
H1,944.0,7.108351229430762e-39
H1,948.0,2.1455497610249697e-39
H1,952.0,5.78759326121905e-39
H1,956.0,6.011066500841416e-39
H1,960.0,4.701474898692843e-39
H1,964.0,5.984257858933379e-39
H1,968.0,2.539805421250315e-39
H1,972.0,5.598821370021417e-39
H1,976.0,4.0533145000500935e-39
H1,980.0,5.512506721435092e-39
H1,984.0,4.566570875019904e-39
H1,988.0,6.325080245644477e-39
H1,992.0,2.6399624247558577e-39
H1,996.0,4.449139496134377e-39
H1,1000.0,1.4712597376290743e-39
L1,-688.0,1.1107181250173508e-39
L1,-684.0,3.60272547777262e-39
L1,-680.0,6.078903421892305e-39
L1,-676.0,5.905247113517328e-39
L1,-672.0,2.606620487907821e-39
L1,-668.0,1.985586533301904e-39
L1,-664.0,2.4453332602317793e-39
L1,-660.0,7.230641036793154e-39
L1,-656.0,7.21346102479708e-39
L1,-652.0,1.494561654686445e-39
L1,-648.0,2.649092650736552e-39
L1,-644.0,3.7880510239438856e-39
L1,-640.0,4.2127145488873954e-39
L1,-636.0,5.379339767087089e-39
L1,-632.0,7.109118865475092e-39
L1,-628.0,4.0032300128366395e-39
L1,-624.0,1.0678303507468557e-38
L1,-620.0,7.2978117362252e-39
L1,-616.0,5.320805052034852e-39
L1,-612.0,4.045963235238996e-39
L1,-608.0,4.663771317967393e-39
L1,-604.0,3.2860839885000876e-39
L1,-600.0,2.998318092276313e-39
L1,-596.0,3.4845550625459416e-39
L1,-592.0,2.4538792444245184e-39
L1,-588.0,1.3432858839690815e-39
L1,-584.0,3.346920600719284e-39
L1,-580.0,2.1953679894721353e-39
L1,-576.0,3.359675572074601e-39
L1,-572.0,2.6356334502978572e-39
L1,-568.0,1.990879285985375e-39
L1,-564.0,1.8212534813064418e-39
L1,-560.0,5.133824084962635e-39
L1,-556.0,4.5487131035676e-39
L1,-552.0,1.4706528592248492e-38
L1,-548.0,3.6070359984350974e-39
L1,-544.0,1.5773549686844086e-38
L1,-540.0,4.6579120904103093e-39
L1,-536.0,4.5624922840628964e-39
L1,-532.0,2.5197324922523815e-39
L1,-528.0,2.004719142967917e-39
L1,-524.0,2.141245581215562e-39
L1,-520.0,3.4620081870055e-39
L1,-516.0,1.0167370609302476e-38
L1,-512.0,4.7249310850035654e-39
L1,-508.0,1.2733889847008478e-39
L1,-504.0,2.8441758854382544e-39
L1,-500.0,7.469854095831213e-39
L1,-496.0,4.303188052992066e-39
L1,-492.0,4.160940327803179e-39
L1,-488.0,2.7333680312504607e-39
L1,-484.0,2.5336015305132834e-39
L1,-480.0,3.161531616803326e-39
L1,-476.0,6.078027304927293e-39
L1,-472.0,2.8993638277013734e-39
L1,-468.0,4.13826645375624e-39
L1,-464.0,2.6809072682363687e-39
L1,-460.0,2.601676780300028e-39
L1,-456.0,2.57081775669534e-39
L1,-452.0,4.343019890819836e-39
L1,-448.0,1.1618187794571595e-39
L1,-444.0,3.053576806608398e-39
L1,-440.0,1.5509108164354652e-39
L1,-436.0,2.2923931851419922e-39
L1,-432.0,1.8395165057759373e-39
L1,-428.0,1.9270822207179383e-39
L1,-424.0,3.4655384530142717e-39
L1,-420.0,5.421015234806111e-39
L1,-416.0,1.917344461703578e-39
L1,-412.0,9.20323192102487e-39
L1,-408.0,2.2720280256276245e-39
L1,-404.0,1.7120030283299145e-39
L1,-400.0,2.946675685596129e-39
L1,-396.0,1.4340591588989563e-39
L1,-392.0,3.8117109292345895e-39
L1,-388.0,4.277818721435278e-39
L1,-384.0,2.003807168491689e-39
L1,-380.0,2.786457848359262e-39
L1,-376.0,1.0049053319474259e-38
L1,-372.0,4.0014131922900845e-39
L1,-368.0,3.4178784735084326e-39
L1,-364.0,1.512528456017409e-39
L1,-360.0,9.87470057686748e-40
L1,-356.0,2.6483692879077143e-39
L1,-352.0,1.3927800650279185e-39
L1,-348.0,1.350333162665259e-39
L1,-344.0,4.2201951116013154e-39
L1,-340.0,2.807284046686399e-39
L1,-336.0,1.663886322759598e-39
L1,-332.0,4.5640870934104714e-39
L1,-328.0,3.8876619486265956e-39
L1,-324.0,1.5313127479241355e-39
L1,-320.0,3.248730919126409e-39
L1,-316.0,3.1896646076135973e-39
L1,-312.0,4.326854660634612e-39
L1,-308.0,2.939680941139651e-39
L1,-304.0,3.615158371078201e-39
L1,-300.0,2.793660730672638e-39
L1,-296.0,8.25830673141557e-39
L1,-292.0,2.7274876895701845e-39
L1,-288.0,4.44722915755118e-39
L1,-284.0,8.796292214428199e-39
L1,-280.0,1.6636926364261312e-39
L1,-276.0,6.116802090483557e-39
L1,-272.0,3.1579439209116456e-39
L1,-268.0,1.5408820742567273e-39
L1,-264.0,2.150175478031648e-39
L1,-260.0,1.5077634800570727e-39
L1,-256.0,2.6500509254704114e-39
L1,-252.0,1.566276158094853e-39
L1,-248.0,1.617502004966104e-39
L1,-244.0,2.577843263860676e-39
L1,-240.0,5.3270592453232574e-39
L1,-236.0,4.652641248825762e-39
L1,-232.0,3.598438953269233e-39
L1,-228.0,1.9547566589658264e-39
L1,-224.0,6.353310556910777e-39
L1,-220.0,3.641193877508801e-39
L1,-216.0,4.31895487212779e-39
L1,-212.0,2.1898125481827032e-39
L1,-208.0,4.457544094846555e-39
L1,-204.0,3.5618954468131714e-39
L1,-200.0,3.4779512516070316e-39
L1,-196.0,2.5187694356300346e-39
L1,-192.0,1.501821953930429e-39
L1,-188.0,3.264775993809432e-39
L1,-184.0,4.921664564112624e-39
L1,-180.0,3.1080939454972385e-39
L1,-176.0,2.7851912352270477e-39
L1,-172.0,2.1776349445479105e-39
L1,-168.0,1.2930925500084224e-39
L1,-164.0,1.4379960066171922e-39
L1,-160.0,3.728636616689935e-39
L1,-156.0,2.2330807457140572e-39
L1,-152.0,5.4546743030123816e-39
L1,-148.0,2.2287713313919405e-39
L1,-144.0,7.894092971819004e-39
L1,-140.0,3.0950893484284957e-39
L1,-136.0,4.4947405932802344e-39
L1,-132.0,2.8349470207628493e-39
L1,-128.0,9.683539247201784e-40
L1,-124.0,1.4155543853200104e-39
L1,-120.0,3.858898223941497e-39
L1,-116.0,2.1241237405344742e-39
L1,-112.0,4.459007159352378e-39
L1,-108.0,3.797082749389408e-39
L1,-104.0,1.580392683335271e-39
L1,-100.0,2.9308705742800043e-39
L1,-96.0,3.033689978554652e-39
L1,-92.0,4.367800218364141e-39
L1,-88.0,2.850876577984535e-39
L1,-84.0,2.3549465380502285e-39
L1,-80.0,3.4747154107180753e-39
L1,-76.0,2.957110024099975e-39
L1,-72.0,1.2690494356522214e-39
L1,-68.0,2.3016863416499332e-39
L1,-64.0,5.096664352944583e-39
L1,-60.0,1.5459470831729994e-39
L1,-56.0,3.8894671601169643e-39
L1,-52.0,1.1110682141680523e-39
L1,-48.0,4.95841068825721e-39
L1,-44.0,4.588435943944847e-39
L1,-40.0,3.637625437513757e-39
L1,-36.0,2.4913684344111203e-39
L1,-32.0,1.6804805395709218e-39
L1,-28.0,1.626707900427814e-39
L1,-24.0,4.0408557860120174e-39
L1,-20.0,1.80950645450877e-39
L1,-16.0,4.3835950393106775e-39
L1,-12.0,3.94050435878102e-39
L1,-8.0,2.6271741926255166e-39
L1,-4.0,2.3074065056365547e-39
L1,0.0,5.3954068427399595e-39
L1,4.0,2.3086897114738763e-39
L1,8.0,3.154315057157391e-39
L1,12.0,3.989702484458706e-39
L1,16.0,5.0020865817250346e-39
L1,20.0,9.70686247195108e-39
L1,24.0,3.4601945854775937e-39
L1,28.0,4.1982676649070566e-39
L1,32.0,2.4308588454966048e-39
L1,36.0,3.5260086155688e-39
L1,40.0,2.468799282129254e-39
L1,44.0,3.9520832864623104e-39
L1,48.0,1.2287539922708312e-39
L1,52.0,2.9131941972250442e-39
L1,56.0,3.012931328825323e-39
L1,60.0,6.687276169144012e-39
L1,64.0,2.6678607438886935e-39
L1,68.0,1.2787989237789074e-39
L1,72.0,1.2914520246629415e-39
L1,76.0,1.644020163031736e-39
L1,80.0,1.475781131729242e-39
L1,84.0,4.0397911409813805e-39
L1,88.0,2.6825196965319365e-39
L1,92.0,2.5793444258458608e-39
L1,96.0,3.853240277802285e-39
L1,100.0,4.4885142866341396e-39
L1,104.0,3.0576190664682096e-39
L1,108.0,5.8187555379297524e-39
L1,112.0,3.433799097820507e-39
L1,116.0,2.18361305035509e-39
L1,120.0,4.5217380767258705e-39
L1,124.0,3.2127497937524345e-39
L1,128.0,8.365435519887316e-39
L1,132.0,9.127773793525699e-39
L1,136.0,2.0807021213859926e-39
L1,140.0,1.0216778477084563e-39
L1,144.0,4.1192622976221436e-39
L1,148.0,1.9141162735346463e-39
L1,152.0,1.3091311152286458e-39
L1,156.0,3.904869547181523e-39
L1,160.0,4.2561697617408055e-39
L1,164.0,5.529449788988997e-39
L1,168.0,4.7161309457199476e-39
L1,172.0,5.7008795217060866e-39
L1,176.0,3.177893355846744e-39
L1,180.0,4.702006034507611e-39
L1,184.0,9.814538354752469e-39
L1,188.0,8.739936534289632e-40
L1,192.0,5.116250386161547e-39
L1,196.0,5.829488776078139e-39
L1,200.0,3.537845551582033e-39
L1,204.0,3.299494518096794e-39
L1,208.0,9.228107958877394e-39
L1,212.0,3.61387035363691e-39
L1,216.0,8.756348225795775e-40
L1,220.0,6.530312020643916e-39
L1,224.0,2.6086674275813967e-39
L1,228.0,2.9933425125386564e-39
L1,232.0,2.0142343822998845e-39
L1,236.0,4.325981059397912e-39
L1,240.0,2.6593882937042445e-39
L1,244.0,2.960663977076114e-39
L1,248.0,2.3492832100993702e-39
L1,252.0,1.4124651215429198e-39
L1,256.0,2.993739164490566e-39
L1,260.0,2.1033727532580972e-39
L1,264.0,1.4290175252976762e-39
L1,268.0,1.9742088196272063e-39
L1,272.0,2.405409396797056e-39
L1,276.0,4.2561585075965746e-39
L1,280.0,3.29353501169535e-39
L1,284.0,6.889804236236814e-39
L1,288.0,1.0919156713778692e-38
L1,292.0,1.7751978867151704e-39
L1,296.0,1.582283816529089e-39
L1,300.0,7.973272849634232e-39
L1,304.0,4.328026628187199e-39
L1,308.0,1.2744834431624263e-39
L1,312.0,2.111408654027564e-39
L1,316.0,1.6990178424841063e-39
L1,320.0,1.3167015470578719e-39
L1,324.0,4.2198904351861526e-39
L1,328.0,3.36548542461997e-39
L1,332.0,1.0345402131283554e-39
L1,336.0,2.414329432299782e-39
L1,340.0,2.5715157576986878e-39
L1,344.0,2.98932128792369e-39
L1,348.0,6.784425058240249e-39
L1,352.0,9.15424903107676e-40
L1,356.0,1.6641333460016895e-39
L1,360.0,1.809485356308065e-39
L1,364.0,1.5203155385402418e-39
L1,368.0,4.5530506287888487e-39
L1,372.0,2.6890918805643668e-39
L1,376.0,4.337066048279581e-39
L1,380.0,9.320257679259698e-40
L1,384.0,9.774985579229716e-39
L1,388.0,3.515765813574886e-39
L1,392.0,8.729205697298773e-39
L1,396.0,1.8452727745248615e-39
L1,400.0,9.943098557420186e-40
L1,404.0,2.028152917944443e-39
L1,408.0,9.119671474844209e-39
L1,412.0,5.0306192944593306e-39
L1,416.0,5.267123691679221e-39
L1,420.0,2.2461029409862057e-39
L1,424.0,2.7533717789008205e-39
L1,428.0,5.57873278803438e-39
L1,432.0,2.6595857975824976e-39
L1,436.0,2.9195125313400078e-39
L1,440.0,2.8365651080626472e-39
L1,444.0,2.655495670626469e-39
L1,448.0,2.589196528898772e-39
L1,452.0,6.693522662606832e-39
L1,456.0,1.1914918035651836e-39
L1,460.0,1.5596301306084406e-39
L1,464.0,2.049105339996111e-39
L1,468.0,3.241984963747486e-39
L1,472.0,6.4211385514340185e-40
L1,476.0,9.221805462077874e-39
L1,480.0,6.663258259678522e-39
L1,484.0,3.779506735078749e-39
L1,488.0,2.714279339218906e-39
L1,492.0,2.9031730458282954e-39
L1,496.0,4.170229549028034e-39
L1,500.0,1.2119367948191888e-39
L1,504.0,1.939971762043298e-39
L1,508.0,3.447304083537577e-39
L1,512.0,2.376932846766568e-39
L1,516.0,2.8664436731021556e-39
L1,520.0,2.4929253614502628e-39
L1,524.0,4.606231963535412e-39
L1,528.0,1.9904572487225883e-39
L1,532.0,3.583340734521195e-39
L1,536.0,6.3328072900878354e-40
L1,540.0,3.0326832247321864e-39
L1,544.0,3.6205910847398385e-39
L1,548.0,7.694307244704435e-39
L1,552.0,2.8669015416193312e-39
L1,556.0,2.7625324548799466e-39
L1,560.0,5.050098601033847e-39
L1,564.0,2.8818158505162516e-39
L1,568.0,4.0558325291711464e-39
L1,572.0,1.666970298973451e-39
L1,576.0,2.0856393556146445e-39
L1,580.0,2.7924815632594476e-39
L1,584.0,2.341647765522239e-39
L1,588.0,3.2121987286323084e-39
L1,592.0,5.693476780022839e-39
L1,596.0,3.4817031188678e-39
L1,600.0,1.4779646675619544e-39
L1,604.0,1.833630038461768e-39
L1,608.0,5.5355635960470646e-39
L1,612.0,4.114435432341333e-39
L1,616.0,1.570682723186081e-39
L1,620.0,1.7013268630898528e-39
L1,624.0,4.209624745348876e-39
L1,628.0,5.3394466658639e-39
L1,632.0,7.530747592935319e-39
L1,636.0,3.071766529752313e-39
L1,640.0,4.544292985540577e-39
L1,644.0,2.6906544949253175e-39
L1,648.0,4.4864117556358716e-39
L1,652.0,2.6075903675081237e-39
L1,656.0,3.8311266652429645e-39
L1,660.0,2.0249197594671375e-39
L1,664.0,2.8253204827571022e-39
L1,668.0,6.360914231108223e-39
L1,672.0,7.209401271117479e-39
L1,676.0,3.547798770517372e-39
L1,680.0,2.7241473537641944e-39
L1,684.0,2.329174343558377e-39
L1,688.0,1.7093948388245147e-39
L1,692.0,7.104665997042656e-39
L1,696.0,2.5661255868419196e-39
L1,700.0,2.2777703119857658e-39
L1,704.0,2.319609501081761e-39
L1,708.0,8.317285815945657e-39
L1,712.0,4.7641852256208205e-39
L1,716.0,1.5483541716386064e-39
L1,720.0,1.5192106113166094e-39
L1,724.0,3.914715539043248e-39
L1,728.0,1.5060235493862713e-39
L1,732.0,4.532448358913372e-39
L1,736.0,6.949768903746867e-39
L1,740.0,2.8448131792623608e-39
L1,744.0,1.9976197209617757e-39
L1,748.0,2.3920571946545863e-39
L1,752.0,2.8768932086020242e-39
L1,756.0,2.786284384450044e-39
L1,760.0,2.1151696844037276e-39
L1,764.0,2.837532229191088e-39
L1,768.0,4.2234784610084875e-39
L1,772.0,1.3492698651395744e-39
L1,776.0,2.4287450947511157e-39
L1,780.0,1.3006982323733432e-39
L1,784.0,3.078043715264329e-39
L1,788.0,3.665211646388331e-39
L1,792.0,9.782907412139118e-39
L1,796.0,1.6890896164100446e-39
L1,800.0,1.6177818203529067e-39
L1,804.0,2.0168180446398994e-39
L1,808.0,1.9888654650853144e-39
L1,812.0,1.7559183146595858e-39
L1,816.0,1.9544182456867202e-39
L1,820.0,1.2805893782339286e-38
L1,824.0,4.257947057271939e-39
L1,828.0,3.1488685584138854e-39
L1,832.0,1.04307339258844e-39
L1,836.0,2.3734220364184556e-39
L1,840.0,1.7128588067069876e-39
L1,844.0,3.7062452198157e-39
L1,848.0,3.885983713904599e-39
L1,852.0,4.6310924649010004e-39
L1,856.0,1.924523900333022e-39
L1,860.0,4.0267421763641614e-39
L1,864.0,2.6276445249088274e-39
L1,868.0,4.928213304056799e-39
L1,872.0,9.254499679054951e-39
L1,876.0,3.665819494198436e-39
L1,880.0,2.5671852832594178e-39
L1,884.0,6.858611944986183e-39
L1,888.0,3.224263769278968e-39
L1,892.0,2.52553755058201e-39
L1,896.0,3.102116982654268e-39
L1,900.0,2.8857453117495662e-39
L1,904.0,1.612794030305666e-39
L1,908.0,5.718272114072167e-39
L1,912.0,3.1361879304103285e-39
L1,916.0,1.6822455366414938e-39
L1,920.0,1.7739246505500205e-39
L1,924.0,6.188605744761522e-39
L1,928.0,4.159688758784619e-39
L1,932.0,2.056751579520578e-39
L1,936.0,2.5205526316904218e-39
L1,940.0,8.865491941825357e-39
L1,944.0,1.883228005284943e-39
L1,948.0,1.9317214427417273e-39
L1,952.0,6.009323164835663e-39
L1,956.0,2.2711744379593995e-39
L1,960.0,2.075375943937889e-39
L1,964.0,2.3722567157877447e-39
L1,968.0,1.4929988282857152e-39
L1,972.0,1.2253859888064733e-38
L1,976.0,6.416185114083389e-39
L1,980.0,2.741504468349969e-39
L1,984.0,2.654612979047412e-39
L1,988.0,5.63144498193551e-39
L1,992.0,1.1986602269543543e-39
L1,996.0,1.386162499427106e-39
L1,1000.0,5.078225440188301e-39
