report_filename,group,script_exists,log_exists,csv_exists,trigger_correct,hash_in_log,status,safe_to_cite,required_action
REAL_STRAIN_LOAD_REPORT.md,core_pipeline,TRUE,TRUE,FALSE,TRUE,FALSE,PROVENANCE_PLAUSIBLE,AFTER_RERUN,Rerun with hash logging
REAL_STRAIN_SANITY_REPORT.md,core_pipeline,TRUE,TRUE,TRUE,TRUE,FALSE,PROVENANCE_PLAUSIBLE,AFTER_RERUN,Rerun with hash logging
DERIVED_V0_STRAIN_PIPELINE_REPORT.md,core_pipeline,TRUE,TRUE,FALSE,UNKNOWN,FALSE,PROVENANCE_PLAUSIBLE,AFTER_RERUN,Rerun with hash logging
PSD_WELCH_REPORT.md,core_pipeline,TRUE,TRUE,FALSE,TRUE,FALSE,PROVENANCE_PLAUSIBLE,AFTER_RERUN,Rerun with hash logging
GR_CONTROL_WAVEFORM_REPORT.md,core_pipeline,TRUE,TRUE,FALSE,TRUE,FALSE,PROVENANCE_PLAUSIBLE,AFTER_RERUN,Rerun with hash logging
SSZ_FORWARD_APPLICATION_REPORT.md,core_pipeline,TRUE,TRUE,FALSE,TRUE,FALSE,PROVENANCE_PLAUSIBLE,AFTER_RERUN,Rerun with hash logging
RESIDUAL_LIKELIHOOD_REPORT.md,core_pipeline,TRUE,TRUE,FALSE,TRUE,FALSE,PROVENANCE_PLAUSIBLE,AFTER_RERUN,Rerun with hash logging
L1_ANOMALY_DIAGNOSTIC_REPORT.md,l1_diagnostic,TRUE,TRUE,FALSE,UNKNOWN,FALSE,PROVENANCE_PLAUSIBLE,AFTER_RERUN,Rerun with hash logging
L1_20_210HZ_GLITCH_STATIONARITY_REPORT.md,l1_diagnostic,TRUE,TRUE,TRUE,UNKNOWN,FALSE,PROVENANCE_PLAUSIBLE,AFTER_RERUN,Rerun with hash logging
L1_DQ_FLAG_CHECK_REPORT.md,l1_diagnostic,TRUE,TRUE,TRUE,UNKNOWN,FALSE,PROVENANCE_PLAUSIBLE,AFTER_RERUN,Rerun with hash logging
L1_ARTIFACT_GATE_FINAL_STATUS.md,l1_diagnostic,TRUE,TRUE,FALSE,UNKNOWN,FALSE,PROVENANCE_PLAUSIBLE,AFTER_RERUN,Rerun with hash logging
L1_GAUSSIANITY_TEST.md,l1_diagnostic,TRUE,TRUE,TRUE,UNKNOWN,FALSE,PROVENANCE_PLAUSIBLE,AFTER_RERUN,Rerun with hash logging
L1_HARMONIC_OSCILLATOR_TEST.md,l1_diagnostic,TRUE,TRUE,TRUE,UNKNOWN,FALSE,PROVENANCE_PLAUSIBLE,AFTER_RERUN,Rerun with hash logging
L1_LINE_NOTCH_TEST_REPORT.md,l1_diagnostic,TRUE,TRUE,TRUE,UNKNOWN,FALSE,PROVENANCE_PLAUSIBLE,AFTER_RERUN,Rerun with hash logging
L1_MULTIWINDOW_STATIONARITY_REPORT.md,l1_diagnostic,TRUE,TRUE,TRUE,UNKNOWN,FALSE,PROVENANCE_PLAUSIBLE,AFTER_RERUN,Rerun with hash logging
L1_NOTCH_SWEEP_REPORT.md,l1_diagnostic,TRUE,TRUE,TRUE,UNKNOWN,FALSE,PROVENANCE_PLAUSIBLE,AFTER_RERUN,Rerun with hash logging
L1_STFT_OMICRON_LITE_REPORT.md,l1_diagnostic,TRUE,TRUE,TRUE,UNKNOWN,FALSE,PROVENANCE_PLAUSIBLE,AFTER_RERUN,Rerun with hash logging
L1_EXCLUDED_OR_DIAGNOSTIC_REPORT.md,l1_diagnostic,FALSE,FALSE,FALSE,UNKNOWN,FALSE,UNVERIFIED,NO,Create script or mark as methodology
H1_L1_COHERENCE_PIPELINE_REPORT.md,h1l1_coherence,TRUE,TRUE,FALSE,UNKNOWN,FALSE,PROVENANCE_PLAUSIBLE,AFTER_RERUN,Rerun with hash logging
H1_L1_TIME_DELAY_REPLICATION_REPORT.md,h1l1_coherence,TRUE,TRUE,TRUE,UNKNOWN,FALSE,PROVENANCE_PLAUSIBLE,AFTER_RERUN,Rerun with hash logging
H1_L1_ABS_CORRELATION_REPLICATION_REPORT.md,h1l1_coherence,TRUE,TRUE,TRUE,UNKNOWN,FALSE,PROVENANCE_PLAUSIBLE,AFTER_RERUN,Rerun with hash logging
H1_L1_SUBBAND_REPLICATION_REPORT.md,h1l1_coherence,TRUE,TRUE,TRUE,UNKNOWN,FALSE,PROVENANCE_PLAUSIBLE,AFTER_RERUN,Rerun with hash logging
H1_L1_LONG_BASELINE_REPLICATION_REPORT.md,h1l1_coherence,TRUE,TRUE,TRUE,UNKNOWN,FALSE,PROVENANCE_PLAUSIBLE,AFTER_RERUN,Rerun with hash logging
H1_L1_LONG_BASELINE_XCORR_REPORT.md,h1l1_coherence,TRUE,TRUE,TRUE,UNKNOWN,FALSE,PROVENANCE_PLAUSIBLE,AFTER_RERUN,Rerun with hash logging
H1_L1_EXECUTION_REPORT.md,h1l1_coherence,TRUE,TRUE,TRUE,UNKNOWN,FALSE,PROVENANCE_PLAUSIBLE,AFTER_RERUN,Rerun with hash logging
H1_L1_COHERENCE_RECHECK_ROBUST_PSD.md,h1l1_coherence,FALSE,TRUE,FALSE,UNKNOWN,FALSE,PROVENANCE_PLAUSIBLE,AFTER_RERUN,Rerun with hash logging
H1L1_CROSS_COHERENCE_REPORT.md,h1l1_coherence,TRUE,TRUE,TRUE,UNKNOWN,FALSE,PROVENANCE_PLAUSIBLE,AFTER_RERUN,Rerun with hash logging
H1L1_TIME_DELAY_SCAN_REPORT.md,h1l1_coherence,TRUE,TRUE,TRUE,UNKNOWN,FALSE,PROVENANCE_PLAUSIBLE,AFTER_RERUN,Rerun with hash logging
H1_ONLY_EXPLORATORY_STRAIN_REPORT.md,h1l1_coherence,FALSE,FALSE,FALSE,UNKNOWN,FALSE,UNVERIFIED,NO,Create script or mark as methodology
TWIST_BRANCH_SYNTHETIC_REPORT.md,synthetic,TRUE,FALSE,TRUE,N/A,FALSE,SYNTHETIC_ONLY,YES_LABELED,Keep as synthetic
TWIST_BRANCH_2PN_SYNTHETIC_REPORT.md,synthetic,TRUE,FALSE,TRUE,N/A,FALSE,SYNTHETIC_ONLY,YES_LABELED,Keep as synthetic
GA_INTERFEROMETER_SYNTHETIC_REPORT.md,synthetic,TRUE,FALSE,FALSE,N/A,FALSE,SYNTHETIC_ONLY,YES_LABELED,Keep as synthetic
SOURCE_PROPAGATION_TWIST_SYNTHETIC_REPORT.md,synthetic,TRUE,FALSE,TRUE,N/A,FALSE,SYNTHETIC_ONLY,YES_LABELED,Keep as synthetic
SYNTHETIC_FORWARD_DRY_RUN_REPORT.md,synthetic,FALSE,FALSE,TRUE,N/A,FALSE,SYNTHETIC_ONLY,YES_LABELED,Keep as synthetic
TWIST_BRANCH_REAL_H1_L1_EXPLORATORY_REPORT.md,synthetic,TRUE,TRUE,FALSE,UNKNOWN,FALSE,PROVENANCE_LIMITED,NO,Blocked by L1-DQ
DQ_AWARE_FINAL_LIGO_STATUS.md,methodology,N/A,N/A,N/A,TRUE,N/A,PROVENANCE_VERIFIED,YES,Keep
FINAL_INTERPRETATION_LOCK.md,methodology,N/A,N/A,N/A,TRUE,N/A,PROVENANCE_VERIFIED,YES,Keep
ANTI_CIRCULARITY_FINAL_GATE.md,methodology,N/A,N/A,N/A,N/A,N/A,PROVENANCE_VERIFIED,YES,Keep
PROVENANCE_FIRST_MASTER_AUDIT.md,methodology,N/A,N/A,N/A,N/A,N/A,PROVENANCE_VERIFIED,YES,Keep
ARTIFACT_SCORE_REPORT.md,methodology,TRUE,TRUE,TRUE,UNKNOWN,FALSE,PROVENANCE_PLAUSIBLE,YES,Rerun with hash logging
GLOBAL_ANTI_CIRCULARITY_RULE.md,methodology,N/A,N/A,N/A,N/A,N/A,METHODOLOGY_DOC,YES,Keep
OPEN_DATA_METHODOLOGY_POSITION.md,methodology,N/A,N/A,N/A,N/A,N/A,METHODOLOGY_DOC,YES,Keep
PHYSICS_CLARIFICATION_NOTE.md,methodology,N/A,N/A,N/A,N/A,N/A,METHODOLOGY_DOC,YES,Keep
PHYSICS_FOUNDATIONS.md,methodology,N/A,N/A,N/A,N/A,N/A,METHODOLOGY_DOC,YES,Keep
LIGO_QUESTION_REPORT.md,methodology,N/A,N/A,N/A,N/A,N/A,METHODOLOGY_DOC,YES,Keep
LIGO_RELEASE_MASTER_STATUS_REPORT.md,methodology,N/A,N/A,N/A,N/A,N/A,METHODOLOGY_DOC,YES,Consider consolidating
SOURCE_TRUTH_VERIFICATION.md,methodology,N/A,N/A,N/A,N/A,N/A,METHODOLOGY_DOC,YES,Keep
SSZ_LIGO_TEST_FRAMEWORK.md,methodology,N/A,N/A,N/A,N/A,N/A,METHODOLOGY_DOC,YES,Keep
SSZ_PREREGISTERED_HYPOTHESIS.md,methodology,N/A,N/A,N/A,N/A,N/A,METHODOLOGY_DOC,YES,Keep
ZENODO_RELEASE_SYMLINK_ISSUE_SUMMARY.md,methodology,N/A,N/A,N/A,N/A,N/A,METHODOLOGY_DOC,YES,Keep
REAL_LIGO_CLAIM_GATE.md,methodology,N/A,N/A,N/A,N/A,N/A,METHODOLOGY_DOC,YES,Keep
NEXT_PHYSICS_DERIVATION_TASKS.md,methodology,N/A,N/A,N/A,N/A,N/A,METHODOLOGY_DOC,YES,Keep
OBSERVABLE_BRANCH_TEST_READINESS.md,methodology,N/A,N/A,N/A,N/A,N/A,METHODOLOGY_DOC,YES,Keep
QNM_TEST_READINESS_REQUIREMENTS.md,methodology,N/A,N/A,N/A,N/A,N/A,METHODOLOGY_DOC,YES,Keep
BUILD_REPORT.md,methodology,N/A,N/A,N/A,N/A,N/A,METHODOLOGY_DOC,YES,Keep
DERIVED_FORMULAS_CODE_CONSISTENCY_AUDIT.md,methodology,N/A,N/A,N/A,N/A,N/A,METHODOLOGY_DOC,YES,Keep
FINAL_PIPELINE_REPRODUCIBILITY_REPORT.md,methodology,N/A,N/A,N/A,N/A,N/A,METHODOLOGY_DOC,YES,Keep
UNIT_NORMALIZATION_AUDIT.md,methodology,TRUE,TRUE,TRUE,N/A,FALSE,PROVENANCE_PLAUSIBLE,YES,Rerun with hash logging
PYTEST_FULL_RUN_REPORT.md,methodology,N/A,N/A,N/A,N/A,N/A,PROVENANCE_VERIFIED,YES,Keep
REAL_LIGO_HDF5_ACCESS_REPORT.md,methodology,TRUE,TRUE,TRUE,UNKNOWN,FALSE,PROVENANCE_PLAUSIBLE,AFTER_RERUN,Rerun with hash logging
REAL_LIGO_PRODUCT_INVENTORY.md,methodology,TRUE,TRUE,TRUE,UNKNOWN,FALSE,PROVENANCE_PLAUSIBLE,AFTER_RERUN,Rerun with hash logging
REAL_TEST_VERIFICATION_MASTER_REPORT.md,methodology,TRUE,TRUE,FALSE,UNKNOWN,FALSE,PROVENANCE_PLAUSIBLE,AFTER_RERUN,Rerun with hash logging
QNM_3PCT_SENSITIVITY_FINAL_REPORT.md,qnm,TRUE,TRUE,TRUE,N/A,FALSE,PROVENANCE_PLAUSIBLE,AFTER_RERUN,Rerun with hash logging
QNM_RINGDOWN_INJECTION_SENSITIVITY_REPORT.md,qnm,TRUE,TRUE,TRUE,N/A,FALSE,PROVENANCE_PLAUSIBLE,AFTER_RERUN,Rerun with hash logging
PHASE_5_RF_TEST_RESULT.md,qnm,TRUE,TRUE,TRUE,FALSE,FALSE,PROVENANCE_LIMITED,NO,Used posterior data (not SSZ-clean)
PHASE_5_RF_TEST_FINAL_RESULT.md,qnm,TRUE,TRUE,TRUE,FALSE,FALSE,PROVENANCE_LIMITED,NO,Used posterior data (not SSZ-clean)
GAUSSIANITY_ARTIFACT_GATE_REPORT.md,artifact_gate,TRUE,TRUE,TRUE,UNKNOWN,FALSE,PROVENANCE_PLAUSIBLE,AFTER_RERUN,Rerun with hash logging
SUBBAND_GAUSSIANITY_REPORT.md,artifact_gate,TRUE,TRUE,TRUE,UNKNOWN,FALSE,PROVENANCE_PLAUSIBLE,AFTER_RERUN,Rerun with hash logging
GW250207_ARTIFACT_GATE_REPORT.md,artifact_gate,TRUE,TRUE,TRUE,UNKNOWN,FALSE,PROVENANCE_PLAUSIBLE,AFTER_RERUN,Rerun with hash logging
GW250207_ARTIFACT_GATE_COMPARISON.md,artifact_gate,TRUE,TRUE,FALSE,UNKNOWN,FALSE,PROVENANCE_PLAUSIBLE,AFTER_RERUN,Rerun with hash logging
CALIBRATION_PSD_SENSITIVITY_REPORT.md,psd,TRUE,TRUE,FALSE,UNKNOWN,FALSE,PROVENANCE_PLAUSIBLE,AFTER_RERUN,Rerun with hash logging
ROBUST_MULTIWINDOW_PSD_REPORT.md,psd,TRUE,TRUE,TRUE,UNKNOWN,FALSE,PROVENANCE_PLAUSIBLE,AFTER_RERUN,Rerun with hash logging
DQ_STATE_VECTOR_BIT_PROVENANCE_REPORT.md,audit,TRUE,TRUE,TRUE,UNKNOWN,FALSE,PROVENANCE_PLAUSIBLE,AFTER_RERUN,Rerun with hash logging
PHASE_RANDOMIZATION_NULL_REPORT.md,audit,TRUE,TRUE,TRUE,UNKNOWN,FALSE,PROVENANCE_PLAUSIBLE,AFTER_RERUN,Rerun with hash logging
FINAL_EXECUTION_REPORT.md,invalid,N/A,N/A,N/A,FALSE,N/A,INVALID,NO,Already marked PARTIALLY_INVALID
AUDIT_STOP.txt,invalid,N/A,N/A,N/A,FALSE,N/A,INVALID,NO,Already marked INVALID_PRIOR_AUDIT_FINDING
INVALID.txt,invalid,N/A,N/A,N/A,N/A,N/A,INVALID,NO,Already invalidated
SUPPRESSED.txt,invalid,N/A,N/A,N/A,N/A,N/A,INVALID,NO,Already invalidated
CIRCULAR.txt,methodology,N/A,N/A,N/A,N/A,N/A,METHODOLOGY_DOC,YES,Keep
MISSING.txt,methodology,N/A,N/A,N/A,N/A,N/A,METHODOLOGY_DOC,YES,Keep
